wave_id,t_w0,t_U,duration,dh,true_h0,error_pct,upwelling_detected,upwelling_depth
20260310_145055,1235.0,3105.0,1870.0,142.72174495225278,121.88215998123312,17.098142151590068,True,206.41282565130257
20260310_145559,910.0,3285.0,2375.0,116.98605820692882,94.92139940227453,23.245189118151124,True,152.30460921843687
20260310_161429,1115.0,3485.0,2370.0,94.57374617561335,83.23891270469514,13.61722913312257,True,186.37274549098194
20260310_163551,1030.0,3030.0,2000.0,198.49808628026472,148.48623735879738,33.68113423240721,True,172.3446893787575
20260310_163554,1105.0,3005.0,1900.0,163.24389637548387,131.23533522208217,24.390200321609584,True,184.36873747494988
20260310_163556,1070.0,3250.0,2180.0,190.6854387315478,144.76846054501362,31.717528813713518,True,178.3567134268537
20260310_163557,1320.0,3130.0,1810.0,120.84891064993796,107.65010322480316,12.260840472741624,True,220.44088176352702
20260310_163559,1070.0,3120.0,2050.0,154.57435724523478,123.92750159493805,24.729664728065924,True,178.3567134268537
20260310_202157,1165.0,3110.0,1945.0,108.32681893833445,95.10388163589053,13.903677825757452,True,194.3887775551102
20260310_202159,1330.0,3140.0,1810.0,131.94364167891908,116.11609390925392,13.630795901586708,True,222.4448897795591
20260310_202200,1070.0,3330.0,2260.0,111.34888117864652,94.72657464134983,17.547669806737385,True,178.3567134268537
20260310_202202,1345.0,3160.0,1815.0,131.8133937111768,115.81604861618263,13.812718777869701,True,224.44889779559117
20260310_202203,1105.0,3570.0,2465.0,116.74063738206968,98.53381757523861,18.47773714129027,True,184.36873747494988
20260310_202204,1235.0,3245.0,2010.0,113.66426950847227,99.85735806724226,13.826634019230383,True,206.41282565130257
20260310_202206,1140.0,3140.0,2000.0,124.63667845334072,105.1272677406586,18.557897614927494,True,190.38076152304606
20260310_202207,1270.0,3290.0,2020.0,131.2452056307003,112.79356058471893,16.358775226465507,True,212.42484969939878
20260310_202209,1055.0,3500.0,2445.0,154.28330422040332,121.839648881974,26.628158925390107,True,176.3527054108216
20260310_202210,1045.0,3410.0,2365.0,144.91399236416393,115.80868911375433,25.13222753244414,True,174.34869739478955
20260316_125800,885.0,3235.0,2350.0,178.3902965212499,130.10689841281166,37.110559622474064,True,148.29659318637272
20260316_125801,1105.0,3355.0,2250.0,157.2567760126808,125.19573596472479,25.60873164002131,True,184.36873747494988
20260316_125802,1115.0,3555.0,2440.0,112.13858859003875,95.99658703498919,16.815182761826797,True,186.37274549098194
20260316_125804,1235.0,3115.0,1880.0,122.43154508486141,107.1107850386764,14.303657694837057,True,206.41282565130257
20260316_125805,1270.0,3270.0,2000.0,182.72127017452087,147.2140457420109,24.119454263715788,True,212.42484969939878
20260316_125816,1130.0,2970.0,1840.0,113.09524709301634,98.25620949864671,15.10239166571351,True,188.376753507014
20260316_125818,1330.0,3040.0,1710.0,107.87387769979514,97.8521913106433,10.241657601041162,True,222.4448897795591
20260316_125819,1115.0,3105.0,1990.0,192.5806571417471,149.65586935684433,28.68232831052654,True,186.37274549098194
20260316_125820,1235.0,3185.0,1950.0,173.87502771504515,141.25052548133021,23.096906806217213,True,206.41282565130257
20260316_125822,1105.0,3615.0,2510.0,181.9921351756987,139.49657235144764,30.46351756743367,True,184.36873747494988
20260316_125823,1345.0,3025.0,1680.0,129.2930306549537,115.1757527906915,12.257161357492901,True,224.44889779559117
20260316_125825,1010.0,3170.0,2160.0,105.7111933029846,90.23725010115137,17.14806599767581,True,168.33667334669337
20260316_125826,1355.0,3175.0,1820.0,129.0382745467516,113.52528967109907,13.664783345275872,True,226.45290581162322
20260316_125828,1390.0,3025.0,1635.0,143.6002757536368,125.94306276515962,14.019996497466305,True,232.4649298597194
20260316_125829,1260.0,3050.0,1790.0,137.00738020909867,117.92237455706018,16.18438038050502,True,210.42084168336672
20260316_125830,885.0,2885.0,2000.0,138.16968344005483,108.62505682851227,27.198721431451144,True,148.29659318637272
20260316_125832,865.0,3160.0,2295.0,198.8420891414145,141.34934988069526,40.67421555829264,True,144.2885771543086
20260316_125833,1165.0,3350.0,2185.0,90.66466957911247,81.27567810603207,11.552030929636215,True,194.3887775551102
20260316_125835,1055.0,3495.0,2440.0,94.88860234343052,82.44781655233324,15.089284727389444,True,176.3527054108216
20260316_125836,1465.0,3180.0,1715.0,168.18007874208692,145.01689207736692,15.972750714008113,True,244.4889779559118
20260316_125838,910.0,2910.0,2000.0,169.90443131323855,128.22077656436431,32.50928271203369,True,152.30460921843687
20260316_125839,1030.0,3530.0,2500.0,143.10713392561215,113.44813555938444,26.14322238085852,True,172.3446893787575
20260316_125840,1200.0,3390.0,2190.0,106.74910848065723,93.85976516396913,13.73255440621543,True,200.4008016032064
20260316_125842,910.0,3165.0,2255.0,125.47052482522554,100.94145031798386,24.30029926256324,True,152.30460921843687
20260316_125843,1020.0,3260.0,2240.0,94.01344012138873,81.63743180622286,15.159722741575138,True,170.34068136272543
20260316_125845,1250.0,3250.0,2000.0,170.34812121156995,138.79982692675776,22.729346990799684,True,208.41683366733466
20260316_125846,1115.0,3095.0,1980.0,133.1425475941604,112.3137453055509,18.545194296516858,True,186.37274549098194
20260316_125847,935.0,2935.0,2000.0,138.720604382832,110.01055377360095,26.097542121563748,True,156.312625250501
20260316_125849,1175.0,3370.0,2195.0,93.92334378863382,83.60588043260239,12.340595305791547,True,196.39278557114227
20260316_125850,1355.0,3130.0,1775.0,118.74829901606253,105.79655601649429,12.242121565421266,True,226.45290581162322
20260316_125852,945.0,3050.0,2105.0,99.73918757532097,85.00626499392877,17.331572658138132,True,158.31663326653305
20260316_125853,1405.0,3135.0,1730.0,94.6403532248054,88.02148733818717,7.519602413883207,True,234.46893787575146
20260320_145313,1165.0,3205.0,2040.0,159.11514658351055,129.0449974556092,23.302064954703354,True,194.3887775551102
20260320_145314,1030.0,3185.0,2155.0,198.70148330710492,148.05887310983377,34.2043736613497,True,172.3446893787575
20260320_145315,1175.0,3325.0,2150.0,146.09898289109276,120.87988556691892,20.86293944265243,True,196.39278557114227
20260320_145317,1490.0,3230.0,1740.0,146.2923264620614,129.16854130308954,13.256931592028653,True,248.4969939879759
20260320_145318,1355.0,3095.0,1740.0,87.24143429080497,81.78411987528256,6.672828935305045,True,226.45290581162322
20260320_145320,1355.0,3240.0,1885.0,126.08349739358927,111.51585506744772,13.063292495341278,True,226.45290581162322
20260320_145321,1130.0,3045.0,1915.0,91.79324952177511,82.0094385973236,11.930103524414095,True,188.376753507014
20260320_145322,865.0,3130.0,2265.0,206.9426922265064,145.27081283593532,42.45304214014521,True,144.2885771543086
20260320_145324,995.0,2960.0,1965.0,171.6336792652914,134.7696962064379,27.35331761999809,True,166.3326653306613
20260320_145325,1190.0,3345.0,2155.0,117.00780344684631,101.22651984039518,15.590068325310034,True,198.39679358717433
20260320_145326,1140.0,3045.0,1905.0,154.80064725452883,127.11340545784347,21.781527838830257,True,190.38076152304606
20260320_145328,1285.0,3010.0,1725.0,146.0687108391673,126.64310929757036,15.338853925287834,True,214.42885771543084
20260320_145329,1415.0,3135.0,1720.0,85.15856212502655,80.53219996471972,5.7447358476902215,True,236.47294589178355
20260320_145331,1320.0,3020.0,1700.0,126.68351596183099,111.79522360685087,13.317467307313263,True,220.44088176352702
20260320_145332,1175.0,3080.0,1905.0,132.25930971087317,112.63873026237204,17.41903464536439,True,196.39278557114227
20260320_145334,1140.0,3140.0,2000.0,127.18353962555061,107.94595996853724,17.821491107791807,True,190.38076152304606
20260320_145335,805.0,2850.0,2045.0,212.10635113597476,143.22480546447161,48.093307195023506,True,134.26853707414827
20260320_145336,1115.0,2960.0,1845.0,113.52697767443864,99.238389961253,14.398246201660992,True,186.37274549098194
20260320_145337,865.0,2865.0,2000.0,138.93504117471065,108.32353821406831,28.25932707270702,True,144.2885771543086
20260320_145339,1415.0,3295.0,1880.0,137.31916820448464,120.65397271927148,13.81238852697248,True,236.47294589178355
20260320_145340,1330.0,3120.0,1790.0,165.60526939397585,140.2225193228394,18.101764391136655,True,222.4448897795591
20260320_145341,985.0,2910.0,1925.0,135.03181994318757,111.02163917561265,21.626577436490482,True,164.32865731462925
20260320_145343,1450.0,3210.0,1760.0,153.24795580725996,133.82591013778824,14.51291879836619,True,242.48496993987973
20260320_145344,1045.0,3320.0,2275.0,191.77415490657108,144.3733932389045,32.83206178386991,True,174.34869739478955
20260320_145346,1130.0,3160.0,2030.0,124.49998595126195,105.63711378623711,17.856292631389916,True,188.376753507014
20260320_145347,1330.0,3045.0,1715.0,158.7493085823541,137.10105820966047,15.789995099518677,True,222.4448897795591
20260320_145348,1190.0,3155.0,1965.0,173.09098652635882,138.57812508681684,24.904985125120042,True,198.39679358717433
20260320_145350,960.0,3465.0,2505.0,146.99471238165498,114.26574807264805,28.642847800898704,True,160.3206412825651
20260320_145351,1175.0,3015.0,1840.0,137.97848400722617,116.84967081056944,18.082047685790798,True,196.39278557114227
20260320_145352,1310.0,3090.0,1780.0,175.76603206276636,146.0566322922507,20.341013827478168,True,218.43687374749496
20260320_145354,1260.0,3130.0,1870.0,109.25104704953107,97.15087465153036,12.45503186811515,True,210.42084168336672
20260320_145355,1260.0,3025.0,1765.0,162.16650797117683,136.21004684190444,19.056201602661066,True,210.42084168336672
20260320_145357,1070.0,3130.0,2060.0,109.44811647492413,93.80450907401388,16.676818156542023,True,178.3567134268537
20260320_145358,1210.0,2995.0,1785.0,109.14235614949695,96.63681326916166,12.940764970698801,True,202.40480961923845
20260320_145359,1390.0,3315.0,1925.0,102.03752093169462,93.46837048994263,9.167968155253165,True,232.4649298597194
20260320_145401,1370.0,3115.0,1745.0,146.11511494681312,127.52449998071378,14.578073208607675,True,228.45691382765528
20260320_145402,1320.0,3085.0,1765.0,162.94192507696866,137.68588290593942,18.343232899398252,True,220.44088176352702
20260320_145404,865.0,3285.0,2420.0,203.10489070651397,141.4513963797082,43.58634549022396,True,144.2885771543086
20260320_145405,1380.0,3180.0,1800.0,94.91216327051039,87.61786121469738,8.325131376967953,True,230.46092184368734
20260320_145407,1020.0,3010.0,1990.0,199.58543689588774,149.55948695565723,33.448864367301994,True,170.34068136272543
20260320_145408,985.0,2915.0,1930.0,132.9077150727477,108.84818127514491,22.10375360961285,True,164.32865731462925
20260320_145409,865.0,3290.0,2425.0,120.5215434819164,95.95177048020682,25.606377952950744,True,144.2885771543086
20260320_145410,1105.0,3160.0,2055.0,106.03627345888741,92.51491747788985,14.61532512767903,True,184.36873747494988
20260320_145412,1070.0,3075.0,2005.0,147.3720198733418,120.91980219294024,21.875836050570335,True,178.3567134268537
20260320_145413,1235.0,3155.0,1920.0,102.3678753321004,92.04582086338355,11.214039238171459,True,206.41282565130257
20260320_145414,1010.0,3285.0,2275.0,190.68377375231861,142.90416315342026,33.43472264527571,True,168.33667334669337
20260320_145416,995.0,3095.0,2100.0,95.04648971706511,82.1668467699177,15.674987483957842,True,166.3326653306613
20260320_145417,1150.0,2970.0,1820.0,94.09398337104575,84.58293658438416,11.244640078407423,True,192.38476953907815
20260320_145419,1330.0,3065.0,1735.0,166.68310924872912,141.18956372739484,18.056253485248074,True,222.4448897795591
20260320_145420,1130.0,3200.0,2070.0,99.63098378309537,87.56410672570252,13.780620289078897,True,188.376753507014
