eval_id,w_c_threshold,zeta_target,V_ratio,f_s,V_target,MAE_pct,CI_width,w_MAE,w_CI,loss,is_penalty
1,0.22860356993029923,-37.08705943442878,0.9303484799497788,5.0,0.4651742399748894,6.24870491302188,2.969510097252809,0.7,0.3,5.264946468291159,0
2,0.22824747486513408,-42.835280826346306,0.8119872378162801,10.0,0.40599361890814006,6.2416381131268155,2.9741301165213283,0.7,0.3,5.261385714145169,0
3,0.2122098307635157,-44.55401678240769,0.8314359401123794,2.0,0.4157179700561897,6.3328696852210244,2.839566311643128,0.7,0.3,5.284878673147655,0
4,0.21636651350980005,-41.677690093065834,0.9408920032550093,7.0,0.47044600162750466,6.3240610119066,2.795644241662694,0.7,0.3,5.265535980833428,0
5,0.21289933937031028,-40.5674779477914,0.8692237195269005,0.2,0.43461185976345024,6.307499564204812,2.8771610164994597,0.7,0.3,5.278397999893206,0
6,0.2148307232585245,-37.74705356503436,0.9446295848888457,6.0,0.47231479244442287,6.312923888938513,2.859015543267669,0.7,0.3,5.27675138523726,0
7,0.23990961629700316,-38.370319738895105,0.9738711832570612,2.0,0.4869355916285306,6.278651451256169,2.9627260348248794,0.7,0.3,5.283873826326783,0
8,0.23490268897117442,-45.479987130933054,0.8673959478490216,1.0,0.4336979739245108,6.3024397617112005,2.9061586878913044,0.7,0.3,5.283555439565232,0
9,0.23314142452787512,-38.09905787884716,0.9146921938834931,1.0,0.45734609694174655,6.248713528485144,2.9744194384883476,0.7,0.3,5.266425301486104,0
10,0.22441671506133723,-42.55963720136269,0.9408268113812261,8.0,0.4704134056906131,6.307029137464247,2.8461058391045673,0.7,0.3,5.268752147956342,0
11,0.21123781072112738,-45.811321518403616,0.9909560893378182,9.0,0.4954780446689091,6.46841370836228,2.7021951710955765,0.7,0.3,5.338548147182268,0
12,0.22824457154730177,-37.451816262964414,0.8615609197797878,9.0,0.4307804598898939,6.245959428326562,3.0060692983481583,0.7,0.3,5.27399238933304,0
13,0.23190118801086163,-43.02859749406283,0.8433739351714149,2.0,0.42168696758570745,6.2422466613284,2.9472913165756376,0.7,0.3,5.253760057902571,0
14,0.22401445697506217,-45.44486325350598,0.9764199621396225,6.0,0.4882099810698112,6.356255287499411,2.779095868011305,0.7,0.3,5.283107461652979,0
15,0.23717194906902578,-43.596440860340515,0.9947895893292904,2.0,0.4973947946646452,6.3335347826997515,2.8373127621011736,0.7,0.3,5.284668176520178,0
16,0.23963211635880105,-36.397226777529546,0.8669720188776162,5.0,0.4334860094388081,6.234127586662321,3.069770588450172,0.7,0.3,5.284820487198677,0
17,0.23442250402342082,-36.31860282428412,0.890325139169419,3.0,0.4451625695847095,6.238162733753573,3.024287779744136,0.7,0.3,5.274000247550743,0
18,0.21309246198409684,-42.56057084873317,0.995305060832437,9.0,0.4976525304162185,6.414769195994121,2.7555006776969924,0.7,0.3,5.316988640504982,0
19,0.2354956477916961,-43.4536082525343,0.8834325376370747,4.0,0.44171626881853737,6.2804551083181055,2.9230933360135647,0.7,0.3,5.273246576626743,0
20,0.23139133564543282,-41.189975736145804,0.8459671592018008,7.0,0.4229835796009004,6.252324956036679,2.9756704615871126,0.7,0.3,5.269328607701809,0
21,0.22013993726833997,-39.70228413162214,0.8142101471430997,10.0,0.40710507357154985,6.261845305882606,2.9813925229941938,0.7,0.3,5.277709471016081,0
22,0.2303709938462725,-39.607165396580925,0.8008960968883796,10.0,0.4004480484441898,6.230276277584546,3.042925655707821,0.7,0.3,5.274071091021528,0
23,0.2209374024120251,-44.280215395128224,0.8007126917222396,10.0,0.4003563458611198,6.266754021971308,2.9334447064668234,0.7,0.3,5.266761227319963,0
24,0.22564133937372918,-42.51580691796521,0.8259075133055831,10.0,0.41295375665279155,6.249191790978349,2.9595439715658567,0.7,0.3,5.2622974451546005,0
25,0.22650386276984633,-44.28585937452825,0.8378927490394088,2.0,0.4189463745197044,6.262188766545056,2.9218219335730584,0.7,0.3,5.260078716653457,0
26,0.22221638473870003,-46.193771885376385,0.8442749062082769,2.0,0.42213745310413847,6.295309977664856,2.85634041449443,0.7,0.3,5.263619108713728,0
27,0.21794108889867092,-35.02162589270554,0.9043688701985161,2.0,0.45218443509925804,6.256559833835194,2.9770998243478854,0.7,0.3,5.272721830989001,0
28,0.22643359537631016,-44.724131947663736,0.8497816882420391,3.0,0.4248908441210196,6.271818253482802,2.89982933559552,0.7,0.3,5.260221578116617,0
29,0.23096451535806412,-41.5835361917529,0.8343729498752765,2.0,0.4171864749376383,6.248449847232274,2.9849701622978717,0.7,0.3,5.269405941751953,0
30,0.23724830154425397,-43.71513997027975,0.8838899786798561,8.0,0.44194498933992804,6.28755362183452,2.9183359966227838,0.7,0.3,5.276788334270998,0
31,0.2274655812022587,-44.97233936657877,0.8144592332580141,0.2,0.40722961662900703,6.252321950233548,2.9276336189422727,0.7,0.3,5.254915450846165,0
32,0.22784960515804728,-45.03672276012786,0.8186532358601478,0.2,0.4093266179300739,6.254579400294075,2.9238807858382616,0.7,0.3,5.25536981595733,0
33,0.232493647432876,-46.16144126779529,0.8007448027540289,0.2,0.40037240137701446,6.255642404921717,2.9415757194045637,0.7,0.3,5.261422399266571,0
34,0.2295895837835354,-43.08221979803824,0.8542045695547756,0.2,0.4271022847773878,6.2574180145522,2.923195366247891,0.7,0.3,5.257151220060907,0
35,0.22307299000672934,-40.209993976608416,0.9188740449713019,5.0,0.45943702248565094,6.259760315597425,2.8860535356784314,0.7,0.3,5.247648281621726,0
36,0.21824559298973112,-39.34031908309429,0.9132662334721301,5.0,0.45663311673606505,6.288561074913204,2.881223331453694,0.7,0.3,5.266359751875351,0
37,0.22285159946303562,-40.47667843014142,0.958764880176042,5.0,0.479382440088021,6.31659511091679,2.8411684675504922,0.7,0.3,5.2739671179069,0
38,0.2155360332899156,-41.94833773808118,0.9202731030717485,5.0,0.46013655153587424,6.330567746168251,2.8027457033985597,0.7,0.3,5.272221133337343,0
39,0.21935462778802042,-38.99131603429289,0.9299103640369387,4.0,0.46495518201846936,6.293862882197428,2.860021621508541,0.7,0.3,5.263710503990762,0
40,0.22256697019614036,-40.124499511779696,0.955262710656074,7.0,0.477631355328037,6.28203986334736,2.8454582219244924,0.7,0.3,5.251065370920499,0
41,0.2171215977338122,-40.311156567279056,0.9540681947851632,7.0,0.4770340973925816,6.332644877717912,2.8207040373767285,0.7,0.3,5.279062625615557,0
42,0.2145773341200359,-38.399236459797876,0.972776256062877,7.0,0.4863881280314385,6.324545563462257,2.8070825027453457,0.7,0.3,5.269306645247183,0
43,0.22170569715915672,-40.93890576277866,0.9315482085714786,1.0,0.4657741042857393,6.298620391291008,2.8495606356476078,0.7,0.3,5.2639024645979875,0
44,0.22350533013481047,-36.63378766315132,0.9612419677162227,7.0,0.48062098385811136,6.249973154236178,2.9153638781496904,0.7,0.3,5.249590371410231,0
45,0.22427503292021417,-35.566877308552456,0.9856272791389288,6.0,0.4928136395694644,6.268872408224089,2.9308871454644847,0.7,0.3,5.267476829396207,0
46,0.21043695943257532,-36.80651525057861,0.9663290674090208,5.0,0.4831645337045104,6.322143369081989,2.856663147285359,0.7,0.3,5.282499302542999,0
47,0.219235229578746,-35.648058640125626,0.9435341368637602,8.0,0.4717670684318801,6.269364893105564,2.936764949129056,0.7,0.3,5.269584909912611,0
48,0.22349273469210762,-37.26230456346353,0.9001283001341337,7.0,0.45006415006706685,6.237133947379363,2.9773626404821982,0.7,0.3,5.259202555310214,0
49,0.22534883252740928,-37.86752447282102,0.9318530410143593,3.0,0.46592652050717964,6.259474674670699,2.9337778386280298,0.7,0.3,5.261765623857897,0
50,0.22919117287367893,-38.6718648753511,0.89255976029665,9.0,0.446279880148325,6.248684036364158,2.9678104625394814,0.7,0.3,5.264421964216755,0
51,0.21328447165885744,-36.74644856266207,0.981254765515435,1.0,0.4906273827577175,6.3135957295415785,2.8301740873686096,0.7,0.3,5.268569236889688,0
52,0.23336535299654995,-35.80557602556608,0.8738947403818912,4.0,0.4369473701909456,6.223280420013656,3.051066773866417,0.7,0.3,5.271616326169483,0
53,0.22103658108822183,-35.05773155220804,0.9187466081980501,6.0,0.45937330409902505,6.2535838511509905,2.960294161995515,0.7,0.3,5.265596944404347,0
54,0.2164638826851421,-36.08797974946809,0.9634248284670336,5.0,0.4817124142335168,6.289703987885793,2.8888085645025026,0.7,0.3,5.269435360870806,0
55,0.22726010594669255,-37.715982427115335,0.9091574641376988,7.0,0.4545787320688494,6.253573097546842,2.9617226016023115,0.7,0.3,5.266017948763483,0
56,0.22508928533248224,-41.027026076922844,0.9512717219261893,5.0,0.4756358609630946,6.28662437654248,2.8573690216836263,0.7,0.3,5.257847770084823,0
57,0.21397392854650132,-40.00337152223814,0.9253271209613204,8.0,0.4626635604806602,6.333127333006463,2.8275188032667424,0.7,0.3,5.281444774084546,0
58,0.2120848363418983,-36.96700310005224,0.9473957522749711,9.0,0.47369787613748554,6.326819578635058,2.8605976303498943,0.7,0.3,5.286952994149508,0
59,0.23680641086536114,-42.137905184130595,0.9697423745047585,7.0,0.48487118725237927,6.314805888666517,2.882136533335425,0.7,0.3,5.2850050820671886,0
60,0.2196234420648216,-39.33618552263513,0.9378623918142996,3.0,0.4689311959071498,6.293653640002765,2.8715734195915323,0.7,0.3,5.267029573879395,0
61,0.2389341754623817,-38.78525543224873,0.9976538657984519,4.0,0.49882693289922597,6.2777902846306946,2.9162648423363597,0.7,0.3,5.269332651942394,0
62,0.21811932880693752,-41.339416390946,0.8771087653007059,1.0,0.43855438265035296,6.290573246840634,2.879348306378147,0.7,0.3,5.267205764701888,0
63,0.23020084951124967,-38.0824956170138,0.9879421254451329,6.0,0.49397106272256647,6.275677553473877,2.8980412312361845,0.7,0.3,5.262386656802569,0
64,0.22634086338382842,-35.24424342481532,0.9046570034169021,10.0,0.45232850170845107,6.237010383880616,3.015061205445481,0.7,0.3,5.270425630350075,0
65,0.22068881786433744,-36.2349588275547,0.8937308848416168,7.0,0.4468654424208084,6.269901340808073,2.9588959732839686,0.7,0.3,5.276599730550842,0
66,0.22307259909605398,-40.180004911064536,0.9802289580623734,7.0,0.4901144790311867,6.303285877187804,2.839115628624236,0.7,0.3,5.264034802618733,0
67,0.22188926805419185,-39.861780041669036,0.9583449739107693,7.0,0.47917248695538467,6.293218794593394,2.852658494722739,0.7,0.3,5.261050704632198,0
68,0.22450171064600866,-40.70714401129379,0.938511885797475,7.0,0.4692559428987375,6.275815657620216,2.867509385115717,0.7,0.3,5.253323775868866,0
69,0.22822087955243642,-39.28215639146319,0.9221928450904752,7.0,0.4610964225452376,6.25364732864034,2.927828035725943,0.7,0.3,5.255901540766021,0
70,0.2155744406499279,-42.35693274717786,0.94703584829221,5.0,0.473517924146105,6.3552252994268965,2.7633121033615797,0.7,0.3,5.277651340607301,0
71,0.22283866349636047,-41.70892460290075,0.912214843391268,7.0,0.456107421695634,6.278679178149871,2.8560642044405973,0.7,0.3,5.2518946860370885,0
72,0.21874904768936448,-43.886671260766846,0.9588601236393267,8.0,0.47943006181966336,6.368594540409135,2.7775710748294515,0.7,0.3,5.29128750073523,0
73,0.21706747941440072,-43.26540038671861,0.8591676687615319,5.0,0.42958383438076597,6.306743929142354,2.8453777267499714,0.7,0.3,5.268334068424639,0
74,0.220046851232475,-38.53597062494427,0.935360419950775,9.0,0.4676802099753875,6.28581234706997,2.8907654381128864,0.7,0.3,5.267298274382845,0
75,0.22589547845350602,-42.851776979330424,0.9260637909385089,0.2,0.46303189546925444,6.312312707677619,2.8502381326438386,0.7,0.3,5.273690335167485,0
76,0.22407279052341575,-37.524142615342896,0.9911058867134319,3.0,0.49555294335671596,6.284979167927395,2.8802600788281576,0.7,0.3,5.263563441197624,0
77,0.227108890354337,-40.729759500006374,0.8864730168579769,10.0,0.44323650842898843,6.25786545552901,2.931622134274119,0.7,0.3,5.259992459152542,0
78,0.22867596820777283,-38.17896421323071,0.9522923842038101,2.0,0.47614619210190506,6.258132552393028,2.9193196914314314,0.7,0.3,5.256488694104549,0
79,0.22227136333215544,-39.012462925023485,0.8978006154208507,7.0,0.44890030771042533,6.267801081852952,2.911712985314702,0.7,0.3,5.260974652891477,0
80,0.22120129857600834,-39.655055838706495,0.9684351204185261,1.0,0.48421756020926304,6.299579719232344,2.8427666032196157,0.7,0.3,5.262535784428525,0
81,0.22357208580922666,-36.55485226418836,0.9776705457884266,4.0,0.4888352728942133,6.2612274385451245,2.9029135289383454,0.7,0.3,5.253733265663091,0
82,0.2247847666467237,-41.63273973999979,0.9638580032501399,5.0,0.48192900162506996,6.285769945010104,2.844258634290669,0.7,0.3,5.253316551794273,0
83,0.23126636536991516,-41.320600293611975,0.9743256732142858,7.0,0.4871628366071429,6.315917003579876,2.8474931242821877,0.7,0.3,5.275389839790569,0
84,0.2333896975645331,-37.13879241355921,0.9431109247206915,6.0,0.47155546236034573,6.2532793754094005,2.961569905934228,0.7,0.3,5.265766534566849,0
85,0.21774464660588866,-44.00879039903124,0.9066139737936851,0.2,0.45330698689684257,6.336754799369723,2.8064350451561406,0.7,0.3,5.277658873105648,0
86,0.2295961336737462,-40.4750174991081,0.9164139710843091,5.0,0.45820698554215455,6.275343816626345,2.921804708701557,0.7,0.3,5.269282084248908,0
87,0.22021374214358433,-38.931138653263964,0.9277103432665201,8.0,0.46385517163326007,6.289791500844316,2.887064332991208,0.7,0.3,5.268973350488383,0
88,0.23243843884122348,-45.81331196308827,0.983662849239471,9.0,0.4918314246197355,6.350096509050292,2.795741075619212,0.7,0.3,5.283789879020968,0
89,0.21522008292611297,-42.26774220221289,0.9343864219957213,2.0,0.46719321099786065,6.341991597189041,2.7801194043005837,0.7,0.3,5.273429939322503,0
90,0.21144272040057854,-41.890729398761074,0.9917430426614297,7.0,0.4958715213307148,6.4159192395660956,2.762588543315261,0.7,0.3,5.319920030690845,0
91,0.2164400571214252,-40.17535378641518,0.9554118437142846,10.0,0.4777059218571423,6.339521235815122,2.792958201204533,0.7,0.3,5.275552325431945,0
92,0.22584774090954096,-39.429639731605725,0.9484481909758427,3.0,0.4742240954879213,6.273380938500249,2.8950594831111003,0.7,0.3,5.259884501883504,0
93,0.22233396632656865,-37.563737380487225,0.9990077957576511,4.0,0.49950389787882554,6.2961777911700105,2.854819974844711,0.7,0.3,5.263770446272421,0
94,0.2213653562841566,-35.99779910485422,0.8656355874434241,1.0,0.43281779372171203,6.229506578092985,3.0076722709616597,0.7,0.3,5.262956285953587,0
95,0.2342051157245869,-37.94362265463205,0.8762030516406082,5.0,0.4381015258203041,6.245651049296785,3.003119579018596,0.7,0.3,5.272891608213328,0
96,0.21882366348363197,-35.31227852959675,0.8974843645642084,7.0,0.4487421822821042,6.2630670074022765,2.9669241805527,0.7,0.3,5.274224159347403,0
97,0.2266207374127308,-42.72755833445356,0.9624119962857598,6.0,0.4812059981428799,6.3154567640775845,2.826709018418459,0.7,0.3,5.268832440379846,0
98,0.23028813556519653,-41.04241274908751,0.9223652372539628,7.0,0.4611826186269814,6.2729631163580475,2.9044435006167797,0.7,0.3,5.262407231635667,0
99,0.2287493601522975,-37.28675294104543,0.9419781525946984,5.0,0.4709890762973492,6.25799346323299,2.945093799880728,0.7,0.3,5.264123564227311,0
100,0.22351868329536653,-44.33530571537042,0.9692730248093715,0.2,0.48463651240468575,6.323056742847498,2.78353026846523,0.7,0.3,5.261198800532817,0
101,0.21401044840327288,-38.20882006856734,0.9014340569310612,8.0,0.4507170284655306,6.283216306013326,2.8883405109258327,0.7,0.3,5.2647535674870785,0
102,0.22514131992113584,-39.8246088056062,0.9099653814077863,9.0,0.45498269070389313,6.267509801542886,2.9159326873422144,0.7,0.3,5.2620366672826835,0
103,0.21000312781558408,-38.43733086919638,0.8886482044331864,7.0,0.4443241022165932,6.300046963124141,2.899224081176001,0.7,0.3,5.279800098539699,0
104,0.21716662477748155,-45.22951197419471,0.8827025422018928,2.0,0.4413512711009464,6.333441935876155,2.7987560593446252,0.7,0.3,5.2730361729166955,0
105,0.22044401039173875,-36.66265967166063,0.916362850407627,3.0,0.4581814252038135,6.258936353148445,2.931925052906516,0.7,0.3,5.260832963075867,0
106,0.2275278153578415,-43.37582956504188,0.9564874867383092,10.0,0.4782437433691546,6.307528703251004,2.81576215955131,0.7,0.3,5.2599987401410955,0
107,0.21876206920406158,-40.82919333804945,0.9737043488703038,7.0,0.4868521744351519,6.337483710005204,2.7969702782389603,0.7,0.3,5.2753296804753305,0
108,0.2195419243637246,-38.74079963277823,0.9870133634590205,1.0,0.49350668172951023,6.30691159665186,2.82198609601133,0.7,0.3,5.2614339464597,0
109,0.23555015516313618,-44.70424014040649,0.9378988552430771,4.0,0.4689494276215386,6.320967639612912,2.8540876409895093,0.7,0.3,5.280903640025891,0
110,0.2230728555691684,-39.14329910166181,0.8288253968733446,5.0,0.4144126984366723,6.248655346012372,2.9808773136322535,0.7,0.3,5.268321936298336,0
111,0.22677417136268682,-40.53305282454862,0.9503208019702943,6.0,0.47516040098514717,6.2891373878736,2.8647078300405053,0.7,0.3,5.2618085205236715,0
112,0.2158908476994446,-43.03514050967443,0.9302507265499345,7.0,0.46512536327496723,6.353985860286234,2.766252154580833,0.7,0.3,5.277665748574613,0
113,0.2294179706196178,-40.023228342059014,0.9616696721630893,5.0,0.48083483608154465,6.29402716128087,2.882968438308252,0.7,0.3,5.270709544389085,0
114,0.22391744383776463,-36.89109937384828,0.9944502850001061,0.2,0.49722514250005306,6.279024648608959,2.8908105978684557,0.7,0.3,5.262560433386808,0
115,0.22818066229963113,-41.200826888398765,0.9805218998425884,8.0,0.4902609499212942,6.310921725539137,2.846331921881193,0.7,0.3,5.271544784441754,0
116,0.23091329549438142,-39.476586601436765,0.9448037824323294,7.0,0.4724018912161647,6.259614846790027,2.9086093155803097,0.7,0.3,5.254313187427112,0
117,0.23183908948025075,-41.426035190202825,0.872278102211201,9.0,0.4361390511056005,6.24373405082926,2.946170722748652,0.7,0.3,5.254465052405077,0
118,0.22171039767094386,-41.9341653430781,0.8802267284159555,3.0,0.44011336420797775,6.288789741101174,2.8965236052846937,0.7,0.3,5.271109900356229,0
119,0.22543068514022213,-36.426804077114745,0.9230953364516107,2.0,0.46154766822580534,6.241681898414922,2.9809807239024604,0.7,0.3,5.263471546061183,0
120,0.22256897768866868,-43.62119802872651,0.894174321823644,10.0,0.447087160911822,6.28342817730147,2.8430371040878857,0.7,0.3,5.251310855337394,0
121,0.21994159298248103,-40.34081597469814,0.8073444310706633,7.0,0.40367221553533167,6.262838190769547,2.9774783929846227,0.7,0.3,5.277230251434069,0
122,0.2174995282368903,-35.77348709262596,0.8483058270035316,5.0,0.4241529135017658,6.229707363777149,3.0187542597494286,0.7,0.3,5.2664214325688326,0
123,0.21422718322251239,-37.77212408186413,0.9773115722579305,4.0,0.48865578612896526,6.328848228442855,2.825204334420299,0.7,0.3,5.277755060236088,0
124,0.2245321438950602,-39.12103481099988,0.9133683749665871,1.0,0.45668418748329354,6.261752132843364,2.9275040697296375,0.7,0.3,5.261477713909246,0
125,0.213474526719688,-42.66990009087747,0.8387421054254116,7.0,0.4193710527127058,6.293658573527893,2.8626276578590835,0.7,0.3,5.26434929882725,0
126,0.2260353665695498,-39.81823340300118,0.9345787583337917,5.0,0.46728937916689584,6.26968889245309,2.901485806900179,0.7,0.3,5.259227966787216,0
127,0.21244571189507988,-35.4078130582952,0.8545321308651475,6.0,0.4272660654325737,6.267312035344061,3.0043948225459243,0.7,0.3,5.288436871504619,0
128,0.21490785346677752,-35.08027361725871,0.9186040943511081,0.2,0.45930204717555406,6.2400174689556245,2.954969297584808,0.7,0.3,5.254503017544379,0
129,0.22786918148338525,-42.173858989752645,0.9712614356100356,8.0,0.4856307178050178,6.315142517405399,2.8382848548853783,0.7,0.3,5.2720852186493925,0
130,0.22181831136493832,-37.09537372547664,0.9650748993951289,7.0,0.48253744969756446,6.2863380963185715,2.877569007272616,0.7,0.3,5.263707369604784,0
131,0.2209007860165908,-37.4492397547991,0.9266906604724066,9.0,0.4633453302362033,6.258058003967963,2.9209602566612802,0.7,0.3,5.2569286797759585,0
132,0.21816043099964516,-38.60692739789601,0.953732114840918,3.0,0.476866057420459,6.3178098642800755,2.8428568798694376,0.7,0.3,5.275323968956884,0
133,0.21622681127004414,-42.44665554830054,0.9023482566082864,2.0,0.4511741283041432,6.331770478176784,2.8063567754758467,0.7,0.3,5.2741463673665026,0
134,0.22327397800925194,-39.56744716667252,0.9389117304666195,10.0,0.46945586523330973,6.2801240962630995,2.869064973902856,0.7,0.3,5.256806359555026,0
135,0.22414619320573848,-37.98598480673037,0.9323086253611528,7.0,0.4661543126805764,6.258497825459924,2.9125283594433347,0.7,0.3,5.254706985654947,0
136,0.2300050982341125,-38.30469146577806,0.9071089046529235,5.0,0.45355445232646174,6.24116960916482,2.961757637581819,0.7,0.3,5.25734601768992,0
137,0.2393400428417145,-38.86344646636281,0.8215802351737079,1.0,0.41079011758685396,6.233314538748828,3.069567785808401,0.7,0.3,5.284190512866699,0
138,0.23274402758729365,-40.59996851823936,0.999339779498704,7.0,0.499669889749352,6.310520549080132,2.8453320654008603,0.7,0.3,5.27096400397635,0
139,0.21886713798569946,-45.68921519309732,0.9493815785121089,4.0,0.47469078925605446,6.395747217538179,2.7587757759764417,0.7,0.3,5.304655785069658,0
140,0.2379986035310335,-40.20532354394327,0.9840413883526852,6.0,0.4920206941763426,6.3072560378561295,2.8998398977693993,0.7,0.3,5.2850311958301095,0
141,0.22874885779821044,-35.98284369389638,0.9672107582996501,5.0,0.48360537914982504,6.255326252110551,2.949761475777435,0.7,0.3,5.263656819210617,0
142,0.22704154581399547,-40.99789921617044,0.9579477777960858,0.2,0.4789738888980429,6.311411928867347,2.8547572210803236,0.7,0.3,5.274415516531239,0
143,0.2249326194269086,-41.614351734323414,0.9414432407180445,7.0,0.47072162035902226,6.286577087817679,2.857157640844692,0.7,0.3,5.2577512537257824,0
144,0.21102378875919892,-43.99832077601171,0.8627331211897762,8.0,0.4313665605948881,6.347024931013674,2.807985455075549,0.7,0.3,5.285313088232236,0
145,0.2205139398310488,-42.90112624418685,0.9603294390701685,9.0,0.4801647195350843,6.3332847627116955,2.7872670618375044,0.7,0.3,5.2694794524494375,0
146,0.2222270347826787,-43.74282971680493,0.8961855756729574,10.0,0.4480927878364787,6.30380341721479,2.8382740155226966,0.7,0.3,5.264144596707162,0
147,0.222263958707522,-45.99025436384941,0.8917646549399202,10.0,0.4458823274699601,6.311619581053493,2.8244190919726346,0.7,0.3,5.265459434329235,0
148,0.2226323186077823,-44.8742972421366,0.8835938416435991,10.0,0.44179692082179955,6.300279096621535,2.8485027851980167,0.7,0.3,5.26474620319448,0
149,0.2235901968519024,-44.5062869849509,0.8882434921776498,10.0,0.4441217460888249,6.291942049071904,2.857383120670314,0.7,0.3,5.261574370551426,0
150,0.2212420086767122,-43.162996871680086,0.867692742399918,10.0,0.433846371199959,6.298347955773839,2.85661806944671,0.7,0.3,5.2658289898757005,0
151,0.2262334857402355,-40.00153096672382,0.8949447500036084,10.0,0.4474723750018042,6.2640788141128185,2.9324884899076817,0.7,0.3,5.264601716851278,0
152,0.21982674778433264,-43.536174041270776,0.9116951502111582,10.0,0.4558475751055791,6.309280952537582,2.811369101887359,0.7,0.3,5.2599073973425154,0
153,0.22286483512485583,-41.879871025633186,0.8724164445894173,10.0,0.4362082222947086,6.268835942781316,2.904836396636999,0.7,0.3,5.259636078938021,0
154,0.2255505578209105,-44.11816493345216,0.9207405234219023,2.0,0.46037026171095113,6.304670690003712,2.832239990615434,0.7,0.3,5.262941480187227,0
155,0.2166967538851506,-41.330630150530936,0.878522915642402,3.0,0.439261457821201,6.305635414086766,2.858685690152901,0.7,0.3,5.271550496906606,0
156,0.22439761441983722,-45.27118494484884,0.9451677026454006,7.0,0.4725838513227003,6.322485645226111,2.7959375751085505,0.7,0.3,5.264521224190843,0
157,0.22151128225265124,-42.497955570263365,0.900766051625948,5.0,0.450383025812974,6.304753391974478,2.8614758218789795,0.7,0.3,5.271770120945828,0
158,0.21923851717514498,-39.34475148757216,0.905601941163728,4.0,0.452800970581864,6.294786113762625,2.884210551331551,0.7,0.3,5.271613445033303,0
159,0.22062150222186305,-42.06870661797762,0.9291401899068048,1.0,0.4645700949534024,6.317782762449608,2.8364402591107925,0.7,0.3,5.273380011447963,0
160,0.22521064606824626,-40.85423936653692,0.9353985701595982,6.0,0.4676992850797991,6.276844243707794,2.877449182684,0.7,0.3,5.257025725400656,0
161,0.21840659603304294,-41.51333941947958,0.9248945972546658,7.0,0.4624472986273329,6.327315377061928,2.8171494752898947,0.7,0.3,5.274265606530318,0
162,0.2238323222468444,-41.1341053211185,0.8567117946430882,10.0,0.4283558973215441,6.249209940661792,2.934303187130169,0.7,0.3,5.2547379146023045,0
163,0.217721120238819,-40.420272860491956,0.8403319556955875,5.0,0.42016597784779375,6.266640372102898,2.932547838413271,0.7,0.3,5.266412611996009,0
164,0.22289216870171147,-38.50220522159666,0.9148251462286252,7.0,0.4574125731143126,6.258033721206019,2.9297450322804317,0.7,0.3,5.259547114528342,0
165,0.22761409099596347,-39.74490018719728,0.9522359491298904,0.2,0.4761179745649452,6.27283104460618,2.885731262933757,0.7,0.3,5.256701110104452,0
166,0.22660340359553344,-40.71572082177774,0.9098548477871399,9.0,0.45492742389356994,6.267930727224612,2.9077226510974823,0.7,0.3,5.2598683043864725,0
167,0.22472020545153817,-45.514400007750716,0.9907125842729019,8.0,0.49535629213645094,6.373958455388946,2.7851118613050994,0.7,0.3,5.297304477163792,0
168,0.2306895747102444,-36.288443112739095,0.886026096437446,7.0,0.443013048218723,6.227829556286434,3.0212374460288527,0.7,0.3,5.265851923209159,0
169,0.21965338938245071,-46.18178757681533,0.976053178168326,2.0,0.488026589084163,6.387280546344254,2.7406757892026827,0.7,0.3,5.293299119201783,0
170,0.22587459735577664,-44.521045258402324,0.8630221701877475,3.0,0.43151108509387376,6.273554656156018,2.8906910857862145,0.7,0.3,5.258695585045077,0
171,0.22106659284388974,-39.18734289372952,0.8908317435906202,5.0,0.4454158717953101,6.250277335221275,2.9275700133236096,0.7,0.3,5.253465138651975,0
172,0.22825754871035495,-37.7179322191843,0.8502902723628275,1.0,0.42514513618141375,6.245629345332648,3.0126326894553994,0.7,0.3,5.275730348569473,0
173,0.21564789523598069,-43.75264301264943,0.9180112125083101,10.0,0.45900560625415504,6.351844513869812,2.7683197387945055,0.7,0.3,5.276787081347219,0
174,0.22918516622914625,-43.465474340209454,0.9398304483832417,4.0,0.46991522419162085,6.31425165447103,2.8463360831443865,0.7,0.3,5.273876983073037,0
175,0.2238922442205057,-38.07910154931831,0.9720675305095923,7.0,0.48603376525479614,6.291820550966013,2.8827817489318064,0.7,0.3,5.26910891035575,0
176,0.22719905792560258,-39.96334777871512,0.9471030540954147,6.0,0.47355152704770737,6.294351417011045,2.8954671899173303,0.7,0.3,5.27468614888293,0
177,0.22195275972253223,-35.57175924273002,0.994904584378898,5.0,0.497452292189449,6.285859063930797,2.881480239200418,0.7,0.3,5.264545416511683,0
178,0.2173076618424709,-37.3547160784421,0.9658719740982474,7.0,0.4829359870491237,6.305295059883719,2.848503680440644,0.7,0.3,5.268257646050797,0
179,0.21932030365513552,-39.61334157247698,0.9321668219549504,0.2,0.4660834109774752,6.3035233927670244,2.861196020969685,0.7,0.3,5.270825181227822,0
180,0.23193423871994398,-41.68454902963919,0.9806466980570976,8.0,0.4903233490285488,6.3083574903373485,2.852798801285763,0.7,0.3,5.271689883621873,0
181,0.22042556126850216,-42.734128712560626,0.987328287806958,10.0,0.493664143903479,6.359678526791124,2.7801166521582625,0.7,0.3,5.285809964401266,0
182,0.22315058152354436,-36.57244127774442,0.8988547628417103,9.0,0.44942738142085514,6.261895889181671,2.95166214764386,0.7,0.3,5.268825766720327,0
183,0.22250605222090025,-42.34292029502149,0.8345123208700364,2.0,0.4172561604350182,6.279561046481974,2.9309542868818563,0.7,0.3,5.274979018601938,0
184,0.21672981309685949,-38.95247906682401,0.954570215072101,7.0,0.4772851075360505,6.314727883671025,2.8271233149357444,0.7,0.3,5.26844651305044,0
185,0.21862516964399192,-45.09982907946198,0.9227711750120631,3.0,0.46138558750603154,6.355765216328525,2.770552095595314,0.7,0.3,5.280201280108561,0
186,0.2248123759915863,-36.893078762198044,0.869951377297571,5.0,0.4349756886487855,6.233446004844493,3.0000718612429456,0.7,0.3,5.263433761764028,0
187,0.22158853809306653,-40.22201558503936,0.9615007622027355,1.0,0.48075038110136775,6.311722384093528,2.8319632182364796,0.7,0.3,5.267794634336413,0
188,0.21482314879272468,-43.19839885006133,0.9040309163184463,4.0,0.45201545815922317,6.339149276071599,2.802672419666603,0.7,0.3,5.2782062191501,0
189,0.2348277998109078,-38.304305435183814,0.9136318245088653,7.0,0.45681591225443263,6.2496577043672925,2.9810677206455947,0.7,0.3,5.269080709250783,0
190,0.22639907203385062,-37.61225266037693,0.9069267893290065,10.0,0.45346339466450325,6.22371252598548,2.9591738510281114,0.7,0.3,5.244350923498269,0
191,0.23011423156197724,-37.22546769042049,0.9435003469963151,6.0,0.47175017349815757,6.2483613863031495,2.944722325305937,0.7,0.3,5.257269668003985,0
192,0.2340144804560245,-37.58636064617829,0.9286471432799314,5.0,0.4643235716399657,6.264589510486829,2.9587557496428962,0.7,0.3,5.272839382233649,0
193,0.22900610265899887,-36.04483565606546,0.9351528352163957,7.0,0.46757641760819785,6.2423146463644335,2.984563182422232,0.7,0.3,5.264989207181773,0
194,0.2313231272265265,-35.76448355633182,0.907808234965897,10.0,0.4539041174829485,6.247744586629453,3.0001668466212403,0.7,0.3,5.2734712646269895,0
195,0.22606003359189183,-36.72685899077988,0.9503454805947538,0.2,0.4751727402973769,6.2479099263054225,2.9337105650970012,0.7,0.3,5.253650117942896,0
196,0.2282159989150344,-37.033502488540535,0.9577214980363368,8.0,0.4788607490181684,6.259617396520374,2.9422476484052393,0.7,0.3,5.264406472085833,0
197,0.22705011939877207,-38.69422149090246,0.919172139744308,9.0,0.459586069872154,6.254841288289302,2.939561533934674,0.7,0.3,5.260257361982913,0
198,0.2255195311951415,-35.27094565250132,0.9375374380177001,2.0,0.46876871900885003,6.2501715220603185,2.9807545674680727,0.7,0.3,5.269346435682644,0
199,0.22418067981652548,-37.91029689798876,0.969442966509784,7.0,0.484721483254892,6.272915826618638,2.8993167890877607,0.7,0.3,5.260836115359375,0
200,0.235862872880589,-36.45891182200307,0.9257957960372486,5.0,0.4628978980186243,6.253431500657597,2.9902096758148993,0.7,0.3,5.274464953204787,0
201,0.2297363749580166,-35.02243831194855,0.8775000952753731,3.0,0.43875004763768655,6.223461309628979,3.042883386677723,0.7,0.3,5.269287932743602,0
202,0.22746265440887387,-36.2627084322658,0.9781867402450696,10.0,0.4890933701225348,6.259700315651068,2.9289308360775492,0.7,0.3,5.260469471779012,0
203,0.23293737192666028,-39.40623846157871,0.9994897967850384,1.0,0.4997448983925192,6.292027870470094,2.879046379547525,0.7,0.3,5.268133423193324,0
204,0.22646384585382945,-38.45433286586602,0.9472710825732831,4.0,0.47363554128664154,6.26350466975432,2.9165402063012467,0.7,0.3,5.259415330718397,0
205,0.2234074200202142,-37.64225123577572,0.9839255360344245,7.0,0.4919627680172122,6.295144764382503,2.879356321227638,0.7,0.3,5.2704082314360425,0
206,0.23208749814589602,-38.82559206610265,0.9406724446112995,6.0,0.47033622230564975,6.278020770585555,2.9359101011473285,0.7,0.3,5.275387569754087,0
207,0.22015323036884515,-38.17287006072716,0.9017451392478908,5.0,0.4508725696239454,6.264272745025847,2.915850346284452,0.7,0.3,5.2597460254034285,0
208,0.23079343717494266,-35.44644808392962,0.9155598212594129,10.0,0.45777991062970647,6.233296931884063,3.005825363019668,0.7,0.3,5.265055461224744,0
209,0.2283381701749604,-39.14401187564008,0.881734289694387,7.0,0.4408671448471935,6.246315468528933,2.96419829680821,0.7,0.3,5.261680317012717,0
210,0.22531125564226742,-35.829889946541535,0.964207014316375,0.2,0.4821035071581875,6.245535753402425,2.937055865695039,0.7,0.3,5.252991787090209,0
211,0.2243993272220023,-40.531980233830545,0.9749624537859548,8.0,0.4874812268929774,6.303823568134725,2.8506035128722225,0.7,0.3,5.2678575515559745,0
212,0.2209023756596342,-37.145073446782696,0.9115277080892933,9.0,0.45576385404464664,6.2565180828551235,2.9536596210242276,0.7,0.3,5.265660544305854,0
213,0.21784027534058983,-37.89907658640245,0.9299459824582337,7.0,0.46497299122911684,6.29347152393451,2.873721314383979,0.7,0.3,5.267546461069351,0
214,0.236191969447278,-37.39378492479044,0.9209580539356199,2.0,0.46047902696780996,6.24527457298507,3.0101455621015307,0.7,0.3,5.274735869720008,0
215,0.23373673256041252,-36.82899065957128,0.9909354512847967,3.0,0.4954677256423983,6.281690115157324,2.936512590359079,0.7,0.3,5.2781368577178505,0
216,0.22794944960826183,-39.656427954608944,0.9527537822183814,5.0,0.4763768911091907,6.2847094342782075,2.882055133110408,0.7,0.3,5.263913143927867,0
217,0.22208715602595858,-36.098941037177404,0.8867751824763664,10.0,0.4433875912381832,6.233884584211369,2.9925883627200793,0.7,0.3,5.261495717763982,0
218,0.22655019270997295,-38.70902618557329,0.8921890463868222,4.0,0.4460945231934111,6.241394205004935,2.9456664832863475,0.7,0.3,5.2526758884893585,0
219,0.21917971822826585,-39.95251542529214,0.9441772844119407,1.0,0.47208864220597035,6.311716124606709,2.8419413235399418,0.7,0.3,5.270783684286678,0
220,0.2159776049027041,-40.93604069838464,0.9584448222253688,7.0,0.4792224111126844,6.347799084614258,2.7767999207002356,0.7,0.3,5.276499335440051,0
221,0.22377101386083126,-41.209170801626456,0.9682266593901232,6.0,0.4841133296950616,6.295619566839187,2.8286468235083064,0.7,0.3,5.255527743839923,0
222,0.22931349904851894,-40.197983149746314,0.8978627163995253,5.0,0.44893135819976265,6.2518420474133025,2.933968937030448,0.7,0.3,5.256480114298446,0
223,0.22581416258570666,-39.289050026120236,0.8743895962543103,10.0,0.43719479812715517,6.246368686144106,2.966934105273156,0.7,0.3,5.262538311882821,0
224,0.2129816090025853,-36.62669216079544,0.9326436666101033,7.0,0.46632183330505167,6.3046205442376095,2.8902662827470884,0.7,0.3,5.2803142657904525,0
225,0.21988724855928532,-35.10074976115434,0.9250761557278996,0.2,0.4625380778639498,6.2316337613092205,2.9683949956926656,0.7,0.3,5.252662131624254,0
226,0.22480841632105397,-41.78038287985524,0.8091305446553307,8.0,0.40456527232766537,6.247604656277598,2.9632876829018575,0.7,0.3,5.262309564264876,0
227,0.2230015276484485,-38.368171087089536,0.9382492814182415,9.0,0.46912464070912074,6.25907959924332,2.898535835690988,0.7,0.3,5.25091647017762,0
228,0.22146202627418332,-38.2842151163537,0.91056930292868,9.0,0.45528465146434,6.271934000921258,2.9125716559142214,0.7,0.3,5.264125297419147,0
229,0.23790334478700328,-37.47083731251323,0.9373961887443318,9.0,0.4686980943721659,6.2564672456326615,2.988049991945727,0.7,0.3,5.275942069526581,0
230,0.22874542787817204,-38.06482875346561,0.9074525995093164,9.0,0.4537262997546582,6.248110138375982,2.971500725710739,0.7,0.3,5.265127314576409,0
231,0.22777054425546597,-37.81987987600194,0.9184175156215403,9.0,0.45920875781077014,6.248393205581606,2.956063456358941,0.7,0.3,5.260694280814806,0
232,0.22684398983032866,-38.51465521359616,0.9040645700118402,9.0,0.4520322850059201,6.2572648437501295,2.9517159920050773,0.7,0.3,5.265600188226614,0
233,0.22265027406276444,-39.015813872711476,0.858674505007032,9.0,0.429337252503516,6.251735675667886,2.956615043417774,0.7,0.3,5.263199485992852,0
234,0.21832302802222456,-36.408382160702466,0.9492949400875523,9.0,0.47464747004377617,6.2757054489047075,2.898285015244194,0.7,0.3,5.262479318806553,0
235,0.22340695206764805,-37.15018698547129,0.9289472842606109,9.0,0.46447364213030545,6.2366484591084435,2.942841533228922,0.7,0.3,5.248506381344586,0
236,0.230479676294992,-36.995122604268346,0.8945274936712067,9.0,0.4472637468356033,6.237937843856828,2.9936297988886174,0.7,0.3,5.264645430366364,0
237,0.2254682076338503,-35.96663339461119,0.9284626431949528,2.0,0.4642313215974764,6.239931318469082,2.9852178968126135,0.7,0.3,5.263517291972141,0
238,0.23143849283321632,-35.48593765379271,0.923311679257341,5.0,0.4616558396286705,6.250474798415438,3.004390712986686,0.7,0.3,5.276649572786812,0
239,0.22974590686169047,-36.715284685504805,0.9150294215826937,3.0,0.45751471079134687,6.241563260997514,2.9837791711071673,0.7,0.3,5.264228034030409,0
240,0.22058575381461953,-37.188981341447054,0.8823643506159883,10.0,0.44118217530799414,6.272567039910826,2.9493838305204996,0.7,0.3,5.2756120770937285,0
241,0.22365511958931017,-35.67153915645659,0.9006688367367436,9.0,0.4503344183683718,6.242376906907771,2.980411946876329,0.7,0.3,5.263787418898339,0
242,0.23491695129591122,-36.17016886648244,0.8894994906541618,1.0,0.4447497453270809,6.237116912969156,3.0282239337859447,0.7,0.3,5.274449019214193,0
243,0.22443605652937226,-36.399497790969534,0.9054176182780252,4.0,0.4527088091390126,6.243753812902869,2.970350972366903,0.7,0.3,5.261732960742079,0
244,0.221997912118601,-35.0180062333472,0.8693317622218096,5.0,0.4346658811109048,6.224270320494854,3.023771433304873,0.7,0.3,5.26412065433786,0
245,0.22634066144316226,-37.42596027318592,0.8516786052532869,6.0,0.42583930262664343,6.233303714347596,3.024818989031424,0.7,0.3,5.270758296752744,0
246,0.23331540607182877,-35.90743012894045,0.941395863363901,10.0,0.4706979316819505,6.252642704264689,3.000338272870099,0.7,0.3,5.276951374846312,0
247,0.21718596858945335,-36.91563742370666,0.8448563080717729,0.2,0.42242815403588646,6.2351732798523445,2.9836459288582304,0.7,0.3,5.25971507455411,0
248,0.21185033572223153,-37.651608221067974,0.9540901775744561,8.0,0.47704508878722807,6.336774725135664,2.849098559871897,0.7,0.3,5.290471875556533,0
249,0.22718311999659643,-35.16871520897077,0.9308081456525388,9.0,0.4654040728262694,6.240630740206682,2.9709904789048847,0.7,0.3,5.259738661816143,0
250,0.22491894141761823,-35.5941626400432,0.9461672769112238,2.0,0.4730836384556119,6.253289856370868,2.9692390652985283,0.7,0.3,5.268074619049166,0
251,0.22123560822893967,-36.6188355524736,0.9347840802710722,5.0,0.4673920401355361,6.248900587110329,2.935656551841259,0.7,0.3,5.254927376529608,0
252,0.21884909826907845,-37.26068974488342,0.9189597110014653,3.0,0.45947985550073267,6.2609991041564825,2.9292249562763004,0.7,0.3,5.261466859792428,0
253,0.23236598348118886,-37.785968064145266,0.9627457368723011,10.0,0.48137286843615057,6.278199144715523,2.9337330057439903,0.7,0.3,5.274859303024063,0
254,0.22324718098471094,-36.303373720270926,0.8967662666629315,9.0,0.44838313333146573,6.24848301349572,2.968592970503733,0.7,0.3,5.264516000598124,0
255,0.22873649379827427,-35.27542281295171,0.909538864979315,1.0,0.4547694324896575,6.226180998982497,3.005536851628624,0.7,0.3,5.2599877547763345,0
256,0.22611497823637045,-38.00270430628407,0.8848550532800913,4.0,0.44242752664004564,6.241033475753489,2.9826634522798825,0.7,0.3,5.263522468711407,0
257,0.21347434392341708,-38.734146145372534,0.8782241836941383,6.0,0.4391120918470692,6.289351095663169,2.907041075205203,0.7,0.3,5.274658089525779,0
258,0.22311384193499653,-38.23211416526768,0.9258802215558124,9.0,0.4629401107779062,6.254078624881573,2.9277194497591643,0.7,0.3,5.25617087234485,0
259,0.22250789119958145,-38.423367545112036,0.9385514075459811,9.0,0.46927570377299055,6.263563129978579,2.9099160996670212,0.7,0.3,5.257469020885111,0
260,0.21977884422975033,-38.99089244017123,0.9147168265767422,9.0,0.4573584132883711,6.287831286041401,2.8748642055343963,0.7,0.3,5.263941161889299,0
261,0.2208383399632775,-39.427504117055946,0.9426487990710594,9.0,0.4713243995355297,6.296072064844179,2.8530759549802402,0.7,0.3,5.263173231884997,0
262,0.22438702396139254,-37.60247276527761,0.9335640418925745,9.0,0.46678202094628723,6.266523936054514,2.937302439357307,0.7,0.3,5.267757487045351,0
263,0.22177966327450616,-37.136098689776446,0.9510033923724912,9.0,0.4755016961862456,6.277711706387291,2.8942790309681348,0.7,0.3,5.2626819037615435,0
264,0.22377985947947146,-36.89215847257444,0.9216984964115801,9.0,0.46084924820579004,6.226495930283544,2.9601036403385277,0.7,0.3,5.246578243300039,0
265,0.22570447221238338,-36.154420362718234,0.9014422754800604,9.0,0.4507211377400302,6.255693062647582,2.9894644485914275,0.7,0.3,5.275824478430735,0
266,0.2250169838284677,-36.95854442826459,0.9219788264876035,9.0,0.46098941324380177,6.256369369011931,2.962650494806337,0.7,0.3,5.268253706750253,0
267,0.22392869844261917,-36.461004260256196,0.8907417693038463,9.0,0.44537088465192315,6.236795647812591,2.996442369897337,0.7,0.3,5.264689664438015,0
268,0.22759470414382885,-36.849242244646355,0.9065604988273432,5.0,0.4532802494136716,6.2595022672072,2.9704778589767367,0.7,0.3,5.272794944738061,0
269,0.22675478960194248,-35.85299086658483,0.9112317797364615,10.0,0.45561588986823076,6.22361363692639,2.9836399607938198,0.7,0.3,5.2516215340866195,0
270,0.22383798173324684,-37.37412233155532,0.9275581111797347,0.2,0.4637790555898674,6.246222387937931,2.9338216144407303,0.7,0.3,5.25250215588877,0
271,0.22544602873465872,-35.49799703874171,0.9214384064536109,8.0,0.46071920322680543,6.257079803230896,2.9851362232293837,0.7,0.3,5.275496729230443,0
272,0.2221802289901189,-36.56350584644257,0.9159299211248844,9.0,0.4579649605624422,6.246546030802766,2.9564289726639617,0.7,0.3,5.259510913361125,0
273,0.2203585677272539,-37.87411605306174,0.8650067760056449,2.0,0.43250338800282245,6.267959934060585,2.9581342768042886,0.7,0.3,5.275012236883695,0
274,0.22805428365858826,-36.08745575994165,0.9296070114502392,5.0,0.4648035057251196,6.237473982133208,2.9851557755181353,0.7,0.3,5.261778520148686,0
275,0.2214795252042597,-36.76121199765433,0.8965135436913007,3.0,0.4482567718456503,6.245054734509992,2.9652199306218234,0.7,0.3,5.261104293343541,0
276,0.2194963234287342,-35.737536875303476,0.9179932195866034,10.0,0.4589966097933017,6.271630818936547,2.9518442951326977,0.7,0.3,5.275694861795392,0
277,0.2229116692828873,-37.582664342814695,0.9035127557324091,9.0,0.45175637786620454,6.266891399231829,2.9558794465066773,0.7,0.3,5.273587813414283,0
278,0.2291554731559491,-37.0744394745615,0.9724497561947947,1.0,0.48622487809739734,6.261056871008827,2.9197039844675565,0.7,0.3,5.2586510050464454,0
279,0.224681094027066,-38.04814638198889,0.9453480467981457,4.0,0.47267402339907283,6.264522889750925,2.9191874940405285,0.7,0.3,5.260922271037805,0
280,0.22724007339112395,-38.626847960858186,0.9555857343583829,5.0,0.47779286717919145,6.273534533461355,2.8980844673903343,0.7,0.3,5.260899513640048,0
281,0.22352739381388198,-36.62589662278768,0.92517421177702,10.0,0.46258710588851,6.244045014716481,2.9619162254563838,0.7,0.3,5.259406377938452,0
282,0.22641780003145603,-36.291966753137785,0.9123458613340463,6.0,0.45617293066702314,6.227265682731243,2.9732445452580905,0.7,0.3,5.251059341489297,0
283,0.21796823299734866,-37.36192804771449,0.9334979460601596,9.0,0.4667489730300798,6.289606926710787,2.882398807858815,0.7,0.3,5.267444491055195,0
284,0.2210885203248978,-39.76051638002048,0.9592354985167603,0.2,0.47961774925838013,6.320574762312313,2.840718203887193,0.7,0.3,5.2766177947847765,0
285,0.2259593921464022,-37.758583288284164,0.8874499465759214,8.0,0.4437249732879607,6.238678804344485,2.9869742865545974,0.7,0.3,5.263167449007518,0
286,0.23026509570726317,-38.12816343480163,0.9089285718009531,9.0,0.45446428590047655,6.240604048397001,2.962179482921135,0.7,0.3,5.257076678754241,0
287,0.22004862029514635,-35.01265296946022,0.892451333201558,2.0,0.446225666600779,6.244729993908427,2.9805035641969924,0.7,0.3,5.265462064994996,0
288,0.22430335480902946,-39.155424575770255,0.8988618207687498,5.0,0.4494309103843749,6.2550634713031235,2.9227703208024534,0.7,0.3,5.255375526152923,0
289,0.22249023954527933,-35.4179371561506,0.9485096219433157,10.0,0.47425481097165784,6.257016602935267,2.9400380373733377,0.7,0.3,5.261923033266688,0
290,0.2284986783879006,-35.883079148089266,0.8732454269421415,3.0,0.43662271347107073,6.238308413219895,3.029449593463554,0.7,0.3,5.275650767292992,0
291,0.21869993511805946,-36.87398047671669,0.9211893649314405,4.0,0.4605946824657203,6.2555330934670215,2.9138161437001653,0.7,0.3,5.253018008536964,0
292,0.22538438707200978,-37.18252873381903,0.9414317115835519,9.0,0.47071585579177594,6.25677917905423,2.940485537932022,0.7,0.3,5.261891086717568,0
293,0.21669314545949803,-35.65662655262766,0.9278326185743806,1.0,0.4639163092871903,6.259270579452157,2.924355936353079,0.7,0.3,5.258796186522433,0
294,0.22184391994866576,-36.2109685103547,0.9367034346342218,7.0,0.4683517173171109,6.257910841562791,2.9374890069675113,0.7,0.3,5.261784291184207,0
295,0.23156019228961808,-38.78505971361182,0.9818751373109046,6.0,0.4909375686554523,6.295506285165022,2.8929504151151977,0.7,0.3,5.274739524150074,0
296,0.22958293854688272,-39.51771627089807,0.9640927960104274,5.0,0.4820463980052137,6.3029424255347895,2.88636199357992,0.7,0.3,5.2779682959483285,0
297,0.2233996863269919,-37.42307959209502,0.8798499985425848,10.0,0.4399249992712924,6.2662721858608155,2.975727062630315,0.7,0.3,5.279108648891665,0
298,0.2268644303738144,-36.50323753556929,0.905735997057384,9.0,0.452867998528692,6.24107360962426,2.9686105190680916,0.7,0.3,5.259334682457409,0
299,0.2276409739093846,-38.562936953596214,0.9142180780788756,8.0,0.4571090390394378,6.253587066686475,2.9443256469352255,0.7,0.3,5.2608086407611,0
300,0.22413867494406442,-38.26756616057338,0.9685687828899576,7.0,0.4842843914449788,6.27567743450999,2.8919950294278323,0.7,0.3,5.260572712985342,0
301,0.22508321874881368,-35.2656267182729,0.9311628479004839,0.2,0.46558142395024193,6.215371671122748,2.9883344070484856,0.7,0.3,5.247260491900469,0
302,0.22518279143130526,-35.28873780111794,0.9182985496761247,9.0,0.45914927483806234,6.241899710617623,2.977898941422279,0.7,0.3,5.26269947985902,0
303,0.22826407901949985,-35.06175955528671,0.9318064626320017,0.2,0.46590323131600087,6.238496495334079,3.00537091876543,0.7,0.3,5.2685588223634845,0
304,0.2310461268079413,-35.238372455900986,0.8949060678034804,0.2,0.4474530339017402,6.227465431582186,3.042179402120081,0.7,0.3,5.271879622743554,0
305,0.22070590369745197,-40.725744504817776,0.9240060470810889,0.2,0.46200302354054446,6.301566899658558,2.859564832388342,0.7,0.3,5.2689662794774925,0
306,0.2261498816861038,-36.079373302210804,0.9000022922448392,0.2,0.4500011461224196,6.224922245250785,2.9882338083488396,0.7,0.3,5.253915714180201,0
307,0.22493605395400515,-35.58368445621754,0.9101173653318501,0.2,0.45505868266592503,6.2246882921159274,2.985879090390549,0.7,0.3,5.253045531598313,0
308,0.22272212722314086,-42.054020890755474,0.9048228456281106,0.2,0.4524114228140553,6.2918444450917725,2.8703973200712403,0.7,0.3,5.265410307585612,0
309,0.22740979722154325,-37.02044525351902,0.9146545131951036,0.2,0.4573272565975518,6.223444854620729,2.9750220619097396,0.7,0.3,5.248918016807432,0
310,0.22885507083491186,-35.96171905370468,0.9377091234745367,0.2,0.46885456173726836,6.223300150543994,2.9789531322406053,0.7,0.3,5.249996045052977,0
311,0.226691409218635,-40.27445789451199,0.8859038032746185,0.2,0.44295190163730924,6.250582028772361,2.9294503555606988,0.7,0.3,5.254242526808862,0
312,0.23005618514316575,-37.68386345220424,0.9315281840577814,0.2,0.4657640920288907,6.2489384732149285,2.943350477939215,0.7,0.3,5.257262074632214,0
313,0.2191213715357695,-36.74009693672432,0.9422033704823511,0.2,0.47110168524117557,6.270080087010082,2.9021180991751607,0.7,0.3,5.2596914906596055,0
314,0.22134797832157474,-41.46619135359928,0.9248406965633459,5.0,0.46242034828167294,6.305596764623136,2.8571760957081533,0.7,0.3,5.2710705639486415,0
315,0.22596482628752929,-38.91046390060526,0.9196889070016075,2.0,0.4598444535008038,6.264815249594245,2.9277786367670533,0.7,0.3,5.263704265746087,0
316,0.2239382582320088,-36.418453076648724,0.8903514549987617,10.0,0.44517572749938084,6.2363462806111665,2.9977440255475414,0.7,0.3,5.264765604092079,0
317,0.22219940926119927,-35.38309431838627,0.9005976994921377,3.0,0.4502988497460689,6.248149630731193,2.9887655852017794,0.7,0.3,5.270334417072369,0
318,0.2293806219964726,-35.01590295511256,0.9520828501140215,9.0,0.47604142505701075,6.240214757316531,2.98919463739649,0.7,0.3,5.264908721340519,0
319,0.2231263451836046,-35.72734780705706,0.9455587661184865,0.2,0.4727793830592433,6.243176949963039,2.9442717538947356,0.7,0.3,5.253505391142548,0
320,0.2203134792935031,-40.45354519398373,0.9115087058954989,1.0,0.45575435294774946,6.281216690836376,2.8724335713555664,0.7,0.3,5.258581754992132,0
321,0.2245463426315791,-39.984685363590536,0.9353115440829974,4.0,0.4676557720414987,6.279519278405673,2.887288604563957,0.7,0.3,5.261850076253158,0
322,0.22806731601088018,-37.84695914111127,0.9280103331666526,6.0,0.4640051665833263,6.255399185335626,2.9413880839089224,0.7,0.3,5.261195854907615,0
323,0.2151436472007804,-39.2990975861149,0.9078284464008188,5.0,0.4539142232004094,6.29996544670954,2.8586227623742824,0.7,0.3,5.267562641408962,0
324,0.22561286815442833,-37.27077565121553,0.8820277197185755,10.0,0.44101385985928776,6.2574691828379505,2.9856284335735044,0.7,0.3,5.275916958058616,0
325,0.2270451578650952,-36.28043801036699,0.9162311936214188,9.0,0.4581155968107094,6.245216550589245,2.959748463623598,0.7,0.3,5.259576124499551,0
326,0.21746312497359419,-42.94828826199886,0.8945367733233024,8.0,0.4472683866616512,6.314747625504084,2.8281327695898586,0.7,0.3,5.268763168729816,0
327,0.2196092254121464,-38.043768456468264,0.9238516580321958,9.0,0.4619258290160979,6.291325469632452,2.8911469132961796,0.7,0.3,5.27127190273157,0
328,0.22492195998636574,-35.874986509371446,0.9403090716866932,0.2,0.4701545358433466,6.237292035196717,2.954897429896933,0.7,0.3,5.252573653606781,0
329,0.221731405515001,-41.116600399207854,0.9493199972729819,5.0,0.47465999863649094,6.301179887351117,2.8378481193866976,0.7,0.3,5.262180356961791,0
330,0.23092816456364362,-36.97848729844967,0.8766596179340274,2.0,0.4383298089670137,6.2313728694938195,3.0116777244392243,0.7,0.3,5.26546432597744,0
331,0.2235927898047812,-38.449444481762654,0.9029395692993422,10.0,0.4514697846496711,6.230167752636388,2.947404640052272,0.7,0.3,5.2453388188611525,0
332,0.2289908549874485,-38.473541566776426,0.8664812870711115,10.0,0.43324064353555575,6.236054511410812,2.977790694461852,0.7,0.3,5.258575366326124,0
333,0.2327111276436773,-40.86300868577465,0.8605725607594238,10.0,0.4302862803797119,6.25907451542245,2.9836400220883412,0.7,0.3,5.276444167422216,0
334,0.2224378947077438,-39.78038110058599,0.8221548883007347,10.0,0.41107744415036734,6.2471776376714265,2.981251555447741,0.7,0.3,5.267399813004321,0
335,0.22100294353628194,-39.642163597523606,0.9031506840947561,10.0,0.45157534204737804,6.262584919338113,2.900648373227323,0.7,0.3,5.254003955504876,0
336,0.22779610616084187,-39.04071856106009,0.8882163260176785,10.0,0.44410816300883926,6.245503383426799,2.9632284977482515,0.7,0.3,5.260820917723235,0
337,0.2182542271105461,-40.584697895724,0.8962471328563005,10.0,0.44812356642815027,6.293048919572132,2.8726521847182553,0.7,0.3,5.2669298991159685,0
338,0.2240641042293654,-39.47070154858375,0.883250674731394,10.0,0.441625337365697,6.244866778245274,2.94003731064314,0.7,0.3,5.253417937964633,0
339,0.22552181781471756,-40.045986083864705,0.8914724003047281,10.0,0.44573620015236404,6.2490866561181475,2.9295825193850487,0.7,0.3,5.253235415098218,0
340,0.22667810415864245,-38.79580162980276,0.907788085916851,10.0,0.4538940429584255,6.261007980482493,2.9415813625497007,0.7,0.3,5.265179995102654,0
341,0.23040087187609332,-39.187676316394466,0.86839807495251,10.0,0.434199037476255,6.231494489008443,2.986446774256111,0.7,0.3,5.257980174582743,0
342,0.2232311146908032,-38.25603102453806,0.8740119278053401,10.0,0.43700596390267005,6.253823750133773,2.9793504265092743,0.7,0.3,5.271481753046422,0
343,0.22604863514020407,-40.32994926562832,0.8547574632593261,10.0,0.42737873162966306,6.221527661007884,2.962759675719142,0.7,0.3,5.243897265421261,0
344,0.2295864319701328,-37.587632222341426,0.8038501060824621,10.0,0.40192505304123105,6.211924295993362,3.080450774415639,0.7,0.3,5.272482239520045,0
345,0.22849739689567236,-38.55928587622594,0.8287850918490267,10.0,0.41439254592451336,6.241147149834985,3.019669153344927,0.7,0.3,5.2747037508879675,0
346,0.2261030976382302,-40.35666973007776,0.8434570763064052,10.0,0.4217285381532026,6.241293337628759,2.980125160348724,0.7,0.3,5.262942884444749,0
347,0.23243783003927962,-38.91086467379264,0.8628403131674304,10.0,0.4314201565837152,6.232505992457157,2.9973240472436835,0.7,0.3,5.261951408893115,0
348,0.23058906819519612,-37.91619298073527,0.8144734553704344,10.0,0.4072367276852172,6.223222053661109,3.0636479669702905,0.7,0.3,5.275349827653863,0
349,0.23190799400872047,-41.764443064400126,0.8531624132537361,10.0,0.42658120662686805,6.236706326447676,2.9630605139470743,0.7,0.3,5.254612582697495,0
350,0.22749239027021342,-41.28780908014064,0.8337603246541438,10.0,0.4168801623270719,6.236064221714485,2.9848333789438266,0.7,0.3,5.260694968883287,0
351,0.2247780910835301,-42.207124827786686,0.8374903833332535,10.0,0.41874519166662677,6.262643055174299,2.948042771389917,0.7,0.3,5.268262970038984,0
352,0.2300103584107359,-39.91053642844768,0.855180377338673,10.0,0.4275901886693365,6.230157246023134,2.989580497228644,0.7,0.3,5.2579842213847865,0
353,0.22632582207258478,-39.34359512463777,0.8249867654443821,10.0,0.41249338272219105,6.23758748644141,3.0135144406669303,0.7,0.3,5.270365572709066,0
354,0.23500186644177246,-38.268888596056385,0.8315566061434915,3.0,0.41577830307174574,6.2415504184163,3.0422319344189197,0.7,0.3,5.281754873217086,0
355,0.23437536617578206,-37.378927267725246,0.8467520787304804,10.0,0.4233760393652402,6.226175108330234,3.053802888082833,0.7,0.3,5.274463442256013,0
356,0.2270869591351369,-36.70377970577993,0.8988112157779458,1.0,0.4494056078889729,6.242345129222306,2.9690787991998406,0.7,0.3,5.260365230215566,0
357,0.23341910463910293,-40.9929784152381,0.8391064716414941,4.0,0.41955323582074705,6.251394240788718,3.0025262656170737,0.7,0.3,5.276733848237225,0
358,0.22890115464689254,-39.53538284627646,0.871548343235584,10.0,0.435774171617792,6.232530988351513,2.9792848201593682,0.7,0.3,5.25655713789387,0
359,0.22434332371971283,-37.778383172614284,0.8157450320556952,6.0,0.4078725160278476,6.228608426851168,3.0266696622802667,0.7,0.3,5.268026797479898,0
360,0.23152543659596447,-38.64749031170638,0.8781403086566251,0.2,0.43907015432831253,6.23343923652033,3.010323926992291,0.7,0.3,5.266504643661919,0
361,0.22795621260627483,-38.06335760071458,0.8854841674856073,8.0,0.44274208374280366,6.235368171624427,2.9898464137119336,0.7,0.3,5.261711644250679,0
362,0.22564670717021063,-37.52643404228158,0.8701717044226432,10.0,0.4350858522113216,6.2538867797402276,2.9941215552870646,0.7,0.3,5.275957212404279,0
363,0.22265701374233782,-40.17254718556239,0.8607691612375226,2.0,0.4303845806187613,6.2543335457315745,2.9634441561310263,0.7,0.3,5.267066728851409,0
364,0.22960419834839946,-39.047468871075544,0.8512565079239446,0.2,0.4256282539619723,6.239061152012495,3.0074693999891693,0.7,0.3,5.269583626405496,0
365,0.22343842776526832,-38.37666833834855,0.8572240984096272,1.0,0.4286120492048136,6.252633424915178,2.989866643042036,0.7,0.3,5.273803390353235,0
366,0.22494970472866505,-36.505575922531804,0.8815803059559023,10.0,0.44079015297795116,6.235502614790698,2.9935497677587977,0.7,0.3,5.262916760681128,0
367,0.23672805433088495,-40.61682376041955,0.8077863750697911,3.0,0.40389318753489556,6.2363267471655615,3.026429031677976,0.7,0.3,5.273357432519286,0
368,0.2219649794986037,-42.56786919524335,0.8651366577391993,4.0,0.43256832886959967,6.278381730596467,2.9071975707412783,0.7,0.3,5.26702648263991,0
369,0.22841355880945585,-39.69172710784381,0.8481420462497691,10.0,0.42407102312488454,6.247919686978136,2.9804489737680204,0.7,0.3,5.267678473015101,0
370,0.22644088764991024,-37.228998984027,0.8747476353752821,6.0,0.43737381768764105,6.231388431814255,2.9960865351523176,0.7,0.3,5.260797862815673,0
371,0.22756991235288035,-36.297523573656704,0.8935476336797039,0.2,0.44677381683985196,6.234595124052204,3.013047077213563,0.7,0.3,5.2681307100006105,0
372,0.2238294241191724,-36.78286858791552,0.9021276219735047,10.0,0.45106381098675236,6.231036125860046,2.97305194409069,0.7,0.3,5.253640871329239,0
373,0.22012505288952688,-36.05321665223587,0.8898405965004558,10.0,0.4449202982502279,6.265166199008092,2.9732305746103758,0.7,0.3,5.277585511688777,0
374,0.2214530820371221,-35.451862476022185,0.9175082171496297,2.0,0.45875410857481486,6.253733870545414,2.9774394780281757,0.7,0.3,5.270845552790242,0
375,0.22542597876741782,-39.18785063038201,0.9050831390674189,8.0,0.45254156953370944,6.259674785695071,2.9341482617160572,0.7,0.3,5.262016828501367,0
376,0.22692962647287887,-41.41541875615933,0.802519299040316,0.2,0.401259649520158,6.2357751292833665,3.008508989427328,0.7,0.3,5.267595287326555,0
377,0.2244484152729823,-38.07832725543957,0.9118580586749044,3.0,0.4559290293374522,6.252061114460011,2.9318498069601007,0.7,0.3,5.255997722210037,0
378,0.21424293870040562,-36.99832773881788,0.819733714589081,10.0,0.4098668572945405,6.233281770736025,3.000848428654103,0.7,0.3,5.263551768111449,0
379,0.230991398077019,-37.70132479100513,0.8970026076584041,1.0,0.44850130382920206,6.256743364657466,2.9945157999945344,0.7,0.3,5.278075095258587,0
380,0.22074147588386644,-38.834829058459015,0.8269904070290861,4.0,0.41349520351454305,6.26101432844971,2.980325874676967,0.7,0.3,5.2768077923178875,0
381,0.2228947020406666,-38.52012871084699,0.9214819983804208,10.0,0.4607409991902104,6.261891979931974,2.921054156617609,0.7,0.3,5.259640632937664,0
382,0.22901120946064377,-40.418412390225065,0.8790303734434863,0.2,0.43951518672174317,6.248917202239044,2.9395312107874885,0.7,0.3,5.2561014048035775,0
383,0.2191265890360884,-37.441927508360095,0.9088311858911409,6.0,0.45441559294557043,6.270684158094929,2.9324285447876095,0.7,0.3,5.269207474102733,0
384,0.22582458730444718,-35.008288865945985,0.8411036788614981,10.0,0.42055183943074903,6.205349857940158,3.0810863516656912,0.7,0.3,5.268070806057818,0
385,0.22384886001766005,-40.85389577409156,0.9148215890297029,10.0,0.45741079451485145,6.290000770065517,2.885735867390905,0.7,0.3,5.268721299263133,0
386,0.22505037203546366,-35.743668008673616,0.9009201078010032,8.0,0.4504600539005016,6.237474321379425,2.9883712725751947,0.7,0.3,5.2627434067381555,0
387,0.21632297496648473,-35.27361301692998,0.933005178343663,2.0,0.4665025891718315,6.248930794454893,2.9415637838882107,0.7,0.3,5.256720691284888,0
388,0.2223226302371495,-40.05218144844487,0.9258943642532642,0.2,0.4629471821266321,6.287625779161375,2.880148841557169,0.7,0.3,5.265382697880113,0
389,0.22819666939044164,-36.603148668377116,0.8855851951356788,3.0,0.4427925975678394,6.237175388886748,3.010811098577507,0.7,0.3,5.269266101793976,0
390,0.2263756832759702,-41.62652171488462,0.9562439016952052,10.0,0.4781219508476026,6.311893408818483,2.8566357300650633,0.7,0.3,5.275316105192457,0
391,0.22127457876117373,-37.9505165327392,0.9203339496456215,4.0,0.46016697482281077,6.271362939260415,2.9123179514716813,0.7,0.3,5.2636494429237946,0
392,0.23007491462786755,-36.15454820714916,0.8887357272208409,1.0,0.44436786361042047,6.241026920093735,3.010998661355121,0.7,0.3,5.272018442472151,0
393,0.227394454654786,-39.789983808670044,0.8000250356849232,10.0,0.4000125178424616,6.221667436160473,3.021962415242417,0.7,0.3,5.261755929885055,0
394,0.22355348389417992,-39.39185084479065,0.8949010623188305,6.0,0.44745053115941524,6.245757917982673,2.9258168938943085,0.7,0.3,5.2497756107561635,0
395,0.23206154845218252,-38.70671756175499,0.9120977298097089,0.2,0.45604886490485447,6.250806591664564,2.9493575508957464,0.7,0.3,5.260371879433919,0
396,0.22937944274783928,-37.07806262767045,0.868328848023762,10.0,0.434164424011881,6.225114253144245,3.0067935008271744,0.7,0.3,5.2596180274491235,0
397,0.21973465081248278,-38.207561380057115,0.9363028855571934,8.0,0.4681514427785967,6.291082135660204,2.86769396734396,0.7,0.3,5.264065685165331,0
398,0.22434929023282027,-41.993790276847626,0.8120212776797736,10.0,0.4060106388398868,6.233570068700263,2.972827278424871,0.7,0.3,5.255347231617645,0
399,0.22517078531415005,-37.66810408299661,0.8823573151361391,2.0,0.44117865756806957,6.2365422645038,2.96882650848229,0.7,0.3,5.256227537697347,0
400,0.2102096604898709,-36.40880722637067,0.875912704692425,0.2,0.4379563523462125,6.257867560834731,2.957358648014251,0.7,0.3,5.267714886988586,0
