wave_id,t_w0,t_U,dh,true_h0,error_pct
20260310_145055,1235.0,3105.0,136.68831765407515,121.88215998123312,12.147928519745482
20260310_145559,910.0,3285.0,104.03735499240979,94.92139940227453,9.603688575536127
20260310_161429,1115.0,3485.0,86.95115204008711,83.23891270469514,4.459740300262931
20260310_163551,1030.0,3030.0,189.13669045115319,148.48623735879738,27.376579685381447
20260310_163554,1105.0,3005.0,150.74950881627703,131.23533522208217,14.869603191222943
20260310_163556,1070.0,3250.0,173.34594922902136,144.76846054501362,19.740134402494377
20260310_163557,1320.0,3130.0,114.18245774508175,107.65010322480316,6.068135862942209
20260310_163559,1070.0,3120.0,143.47153005823472,123.92750159493805,15.770533748979384
20260310_202157,1165.0,3110.0,103.98350864391709,95.10388163589053,9.336766129086728
20260310_202159,1330.0,3140.0,123.13207805821527,116.11609390925392,6.042215090738778
20260310_202200,1070.0,3330.0,100.56349159253625,94.72657464134983,6.161857929821634
20260310_202202,1345.0,3160.0,123.04941185327432,115.81604861618263,6.245562099138131
20260310_202203,1105.0,3570.0,108.91283909024334,98.53381757523861,10.533461272907134
20260310_202204,1235.0,3245.0,105.21577199898707,99.85735806724226,5.36606819513144
20260310_202206,1140.0,3140.0,118.53309186851445,105.1272677406586,12.7519951920819
20260310_202207,1270.0,3290.0,123.71436911502556,112.79356058471893,9.682120569377753
20260310_202209,1055.0,3500.0,138.90535732741114,121.839648881974,14.006695359052356
20260310_202210,1045.0,3410.0,131.62542540281498,115.80868911375433,13.657642107946232
20260316_125800,885.0,3235.0,159.58421408661158,130.10689841281166,22.65622809658591
20260316_125801,1105.0,3355.0,145.6690933006433,125.19573596472479,16.353078783519514
20260316_125802,1115.0,3555.0,100.54993946663622,95.99658703498919,4.743244080112354
20260316_125804,1235.0,3115.0,113.78507625343596,107.1107850386764,6.23120371337915
20260316_125805,1270.0,3270.0,175.33625325112322,147.2140457420109,19.102937744402332
20260316_125816,1130.0,2970.0,103.98253227332397,98.25620949864671,5.8279500134351565
20260316_125818,1330.0,3040.0,100.82314629316468,97.8521913106433,3.036166020124915
20260316_125819,1115.0,3105.0,180.20339846950552,149.65586935684433,20.41184835846475
20260316_125820,1235.0,3185.0,163.89056069709815,141.25052548133021,16.02828388681668
20260316_125822,1105.0,3615.0,164.65194685718654,139.49657235144764,18.03296961473896
20260316_125823,1345.0,3025.0,119.34304302364458,115.1757527906915,3.6182009945498512
20260316_125825,1010.0,3170.0,97.4386823864174,90.23725010115137,7.980553792578545
20260316_125826,1355.0,3175.0,122.65583905321172,113.52528967109907,8.042744844400142
20260316_125828,1390.0,3025.0,137.93639416010853,125.94306276515962,9.522820178918737
20260316_125829,1260.0,3050.0,130.51219752013736,117.92237455706018,10.676364863213664
20260316_125830,885.0,2885.0,131.26089645264395,108.62505682851227,20.83850658864755
20260316_125832,865.0,3160.0,177.24923425397498,141.34934988069526,25.397983367861766
20260316_125833,1165.0,3350.0,82.14324386947294,81.27567810603207,1.0674358967624247
20260316_125835,1055.0,3495.0,86.81548560556318,82.44781655233324,5.297495113721532
20260316_125836,1465.0,3180.0,158.0946389594675,145.01689207736692,9.018085200118312
20260316_125838,910.0,2910.0,160.92910110804334,128.22077656436431,25.509379540577097
20260316_125839,1030.0,3530.0,131.81416497913509,113.44813555938444,16.188921333252715
20260316_125840,1200.0,3390.0,100.64259226933481,93.85976516396913,7.226554523673019
20260316_125842,910.0,3165.0,114.01220229709696,100.94145031798386,12.948845036343206
20260316_125843,1020.0,3260.0,87.7732742547747,81.63743180622286,7.515967017576039
20260316_125845,1250.0,3250.0,162.2697848487332,138.79982692675776,16.909212670964006
20260316_125846,1115.0,3095.0,125.415498094183,112.3137453055509,11.66531554351484
20260316_125847,935.0,2935.0,131.20322250360604,110.01055377360095,19.264214207683285
20260316_125849,1175.0,3370.0,87.60570182410727,83.60588043260239,4.78413883187233
20260316_125850,1355.0,3130.0,113.92987504715444,105.79655601649429,7.6876973475319135
20260316_125852,945.0,3050.0,92.89973863799844,85.00626499392877,9.285755167143778
20260316_125853,1405.0,3135.0,90.5350675847828,88.02148733818717,2.8556439144662504
20260320_145313,1165.0,3205.0,148.38539728706195,129.0449974556092,14.98733016605757
20260320_145314,1030.0,3185.0,178.75614728592691,148.05887310983377,20.733154002408988
20260320_145315,1175.0,3325.0,137.19462972718003,120.87988556691892,13.496657515637123
20260320_145317,1490.0,3230.0,136.4179872233223,129.16854130308954,5.612392806404927
20260320_145318,1355.0,3095.0,83.84534010520746,81.78411987528256,2.5203184103077416
20260320_145320,1355.0,3240.0,118.7912684613501,111.51585506744772,6.524106719624776
20260320_145321,1130.0,3045.0,86.29247417118565,82.0094385973236,5.222612966407783
20260320_145322,865.0,3130.0,192.84514755398106,145.27081283593532,32.74872205181011
20260320_145324,995.0,2960.0,160.62894090866732,134.7696962064379,19.187729460055067
20260320_145325,1190.0,3345.0,109.54478752268707,101.22651984039518,8.217478675951105
20260320_145326,1140.0,3045.0,148.64275699164207,127.11340545784347,16.937121192098584
20260320_145328,1285.0,3010.0,134.70314379208762,126.64310929757036,6.364368767651447
20260320_145329,1415.0,3135.0,79.84816415901074,80.53219996471972,0.84939416284251
20260320_145331,1320.0,3020.0,118.25084716719238,111.79522360685087,5.774507489733134
20260320_145332,1175.0,3080.0,125.30237600299523,112.63873026237204,11.242709955204102
20260320_145334,1140.0,3140.0,117.92192827009237,107.94595996853724,9.241631928108102
20260320_145335,805.0,2850.0,199.74068641225213,143.22480546447161,39.45956202523861
20260320_145336,1115.0,2960.0,104.33564386996113,99.238389961253,5.136373041419068
20260320_145337,865.0,2865.0,131.17557506664775,108.32353821406831,21.096095298714662
20260320_145339,1415.0,3295.0,131.24454036297544,120.65397271927148,8.777636910759078
20260320_145340,1330.0,3120.0,159.35434755785957,140.2225193228394,13.643905648972316
20260320_145341,985.0,2910.0,127.37791245401904,111.02163917561265,14.73250926563446
20260320_145343,1450.0,3210.0,142.0557120041739,133.82591013778824,6.149632651787824
20260320_145344,1045.0,3320.0,177.91016330467204,144.3733932389045,23.229190166828012
20260320_145346,1130.0,3160.0,114.34557598255108,105.63711378623711,8.243752488293136
20260320_145347,1330.0,3045.0,151.64669516181354,137.10105820966047,10.609427193413271
20260320_145348,1190.0,3155.0,166.3301922716311,138.57812508681684,20.026297200534394
20260320_145350,960.0,3465.0,132.61520956842645,114.26574807264805,16.058584313570634
20260320_145351,1175.0,3015.0,129.7928582467735,116.84967081056944,11.076785536851778
20260320_145352,1310.0,3090.0,164.34768593523268,146.0566322922507,12.523261255526322
20260320_145354,1260.0,3130.0,101.48044731465568,97.15087465153036,4.456545222732195
20260320_145355,1260.0,3025.0,151.69357799829257,136.21004684190444,11.367392872538593
20260320_145357,1070.0,3130.0,103.12548438361132,93.80450907401388,9.936596227205861
20260320_145358,1210.0,2995.0,103.42733072655972,96.63681326916166,7.0268433195168445
20260320_145359,1390.0,3315.0,98.16230163222757,93.46837048994263,5.021946052638217
20260320_145401,1370.0,3115.0,134.04186104792788,127.52449998071378,5.1106736887419695
20260320_145402,1320.0,3085.0,155.21299629572863,137.68588290593942,12.729782472879164
20260320_145404,865.0,3285.0,187.55196207182183,141.4513963797082,32.59109975016617
20260320_145405,1380.0,3180.0,89.1335528038228,87.61786121469738,1.7298888241649542
20260320_145407,1020.0,3010.0,187.29377414913162,149.55948695565723,25.23028659804255
20260320_145408,985.0,2915.0,122.39651729278573,108.84818127514491,12.447002659046298
20260320_145409,865.0,3290.0,108.03627229175265,95.95177048020682,12.594350006328082
20260320_145410,1105.0,3160.0,99.0202879451715,92.51491747788985,7.031698935294808
20260320_145412,1070.0,3075.0,133.8593976087677,120.91980219294024,10.700973026056536
20260320_145413,1235.0,3155.0,95.48773381472519,92.04582086338355,3.7393473370726937
20260320_145414,1010.0,3285.0,171.27162982904457,142.90416315342026,19.85069297468215
20260320_145416,995.0,3095.0,88.03916598548004,82.1668467699177,7.146823136594152
20260320_145417,1150.0,2970.0,89.10046915790738,84.58293658438416,5.340950262487412
20260320_145419,1330.0,3065.0,155.9201675774952,141.18956372739484,10.433210119227947
20260320_145420,1130.0,3200.0,92.43209477850475,87.56410672570252,5.559341875149103
20260413_183151,1260.0,3065.0,162.90066808253175,145.33428087259307,12.086884872907728
20260413_183152,1070.0,3330.0,130.44199934499332,117.59124057154519,10.928329959772336
20260413_183154,960.0,3385.0,191.69027432699465,148.1920088539264,29.352639058928403
20260413_183155,1370.0,3235.0,116.5817956110773,109.32893193603098,6.633983838139028
20260413_183157,1260.0,2975.0,165.9447366465284,143.77090120787585,15.423034322217816
20260413_183158,1150.0,3075.0,121.75777367944691,109.60828978062312,11.084457136536411
20260413_183200,1190.0,3040.0,84.47086337886299,81.08349584563427,4.177628872437295
20260413_183201,985.0,3520.0,172.62230826205302,139.31802635572274,23.905220865887078
20260413_183202,1440.0,3275.0,128.30242912157775,119.45892756799319,7.402964126353008
20260413_183204,1010.0,3165.0,170.93319656038068,139.8837972875017,22.196565917540457
20260413_183205,995.0,3045.0,181.70806869768117,149.04320874964668,21.9163692341748
20260413_183207,945.0,3270.0,122.69679473290127,104.5734358077147,17.330748277708928
20260413_183208,1070.0,2905.0,124.15515894317333,109.95485219621803,12.914670397277597
20260413_183209,1260.0,3200.0,154.86529605129593,138.22825866507154,12.035916206205059
20260413_183211,1405.0,3125.0,108.8633421538501,105.49153180920501,3.1962853196059715
20260413_183212,1535.0,3250.0,100.9344230026127,98.67971408376906,2.284875812398107
20260413_183214,1010.0,3450.0,167.67677421888823,137.0333207297968,22.36204546886402
20260413_183215,1020.0,3380.0,185.94345024177204,148.2134278401494,25.456548000708207
20260413_183216,1150.0,2915.0,133.17173499269146,119.29575331816025,11.631580579003629
20260413_183218,1270.0,3155.0,131.93023716603759,121.14093676223635,8.906403311852726
20260413_183219,850.0,3125.0,115.38743707574594,101.46928580546704,13.716614993193343
20260413_183221,1105.0,3385.0,121.09804578713653,109.24839393109471,10.846522708165068
20260413_183222,1380.0,3140.0,158.58207749805996,142.528272654298,11.263593211923938
20260413_183224,1270.0,3065.0,151.30373078763847,137.36620545493275,10.146254886015873
20260413_183225,1345.0,3280.0,145.4398774831663,132.69420284197741,9.605298775838328
20260413_183227,1150.0,3155.0,125.32701063958785,113.20113785679354,10.711794079432575
20260413_183228,1225.0,3110.0,109.45009526146265,103.45079608304584,5.799181258693095
20260413_183229,1235.0,2940.0,91.25047686200925,89.63372062209223,1.8037366168626254
20260413_183231,1175.0,3280.0,149.8667753024317,130.76256019932893,14.60985091908656
20260413_183232,1045.0,2995.0,174.87438803301458,145.33375850024345,20.326061775056655
20260413_183234,1210.0,3290.0,86.3088332910468,85.15802836451721,1.3513757289020256
20260413_183235,1250.0,3250.0,116.38867329927564,105.92995793292246,9.873236589951164
20260413_183237,1370.0,3070.0,157.79558831006975,144.08390870543792,9.516454493654592
20260413_183238,995.0,3030.0,123.51421967789327,111.57359930971931,10.702012341672114
20260413_183240,1355.0,3145.0,164.50334595467208,147.5870628088835,11.461901079835274
20260413_183241,1055.0,3405.0,139.4418134525077,118.40254512060292,17.769270339986782
20260413_183242,1080.0,3060.0,160.38186440661752,132.86847927158362,20.70723266034862
20260413_183244,925.0,3120.0,85.3037746684017,80.44179717745534,6.044093570188134
20260413_183245,995.0,3225.0,126.04050853900098,110.0480569080982,14.532243530895025
20260413_183246,1115.0,2955.0,118.96548272608229,108.83294722539142,9.310172846561375
20260413_183248,1285.0,3230.0,167.22799640752297,145.41137240662127,15.003382225081236
20260413_183249,1295.0,2985.0,159.23647819908402,143.86861151927374,10.68187599610738
20260413_183251,995.0,3220.0,160.7541965349002,131.46023215119118,22.283517915911098
20260413_183252,875.0,3040.0,198.76122761257025,148.95827278654315,33.43416508151556
20260413_183253,1330.0,3120.0,107.92153004770977,103.30243081234994,4.471433246087377
20260413_183255,1090.0,3180.0,94.43431692789034,87.93412190608683,7.392119101098979
20260413_183256,1130.0,3400.0,115.08066014212191,104.50935602794884,10.115174866588978
20260413_183258,1175.0,3205.0,96.39205534160608,89.92012803375249,7.1974178077507664
20260413_183259,1165.0,3015.0,129.47119874406414,116.11651979216774,11.50110163118857
20260413_183300,1270.0,3110.0,159.5723738517944,138.35680369900172,15.333955096959034
20260413_183302,1090.0,3070.0,136.69299951891597,122.62137768067072,11.475667705259696
20260413_183303,1190.0,3190.0,176.43517355736586,145.40584543856116,21.339807918462007
20260413_183305,1225.0,3175.0,137.9016506779765,121.28377456870288,13.701648195208666
20260413_183306,1020.0,3020.0,143.50361909730645,121.70026158666482,17.91562090860018
20260413_183307,1020.0,3035.0,124.84911778307213,109.00333651366357,14.536969028853802
20260413_183309,1285.0,3090.0,89.03064525072857,88.0032049704509,1.167503252435704
20260413_183310,805.0,3110.0,96.95010832264191,87.37711642469375,10.955948524804741
20260413_183311,790.0,3135.0,161.0631095798677,128.3266388093947,25.510269008991138
20260413_183312,945.0,3125.0,131.97146524230885,112.21289594360168,17.608109239634857
20260413_183314,1055.0,3030.0,140.51833858929885,121.4022536061689,15.74607094621396
20260413_183315,1210.0,3100.0,120.9621766674753,113.14394774561988,6.909984208287525
20260413_183317,1175.0,3010.0,142.71265962081426,127.70799091926636,11.749201121669401
20260413_183318,1055.0,3060.0,144.8977928388236,125.92246817398464,15.069053950420596
20260413_183319,1105.0,3430.0,108.11149039023307,101.25576286497616,6.770703544448106
20260413_183321,995.0,3020.0,114.94276970809652,99.15227186828189,15.925502807229073
20260413_183322,1320.0,3175.0,83.32148995951752,81.00049883201675,2.865403498704586
20260413_183324,925.0,3355.0,166.5984867669027,133.3708009856731,24.91376338423504
20260413_183325,875.0,2960.0,175.27322402273361,138.00381493801243,27.00607160857227
20260413_183326,1175.0,2920.0,106.6912967520058,98.60741641123559,8.198044969616616
20260413_183328,1415.0,3110.0,110.0781740102634,105.68523573267466,4.1566243828990945
20260413_183329,1320.0,2955.0,142.14721388694417,129.24524203524228,9.982550729553207
20260413_183331,1330.0,3055.0,138.7549020762686,127.49694851735879,8.829978826808569
20260413_183332,1260.0,3260.0,86.22156111122665,82.35170380621959,4.699183048007307
20260413_183333,1165.0,3415.0,163.83911226786114,139.90580020335256,17.106733266041584
20260413_183335,1320.0,3275.0,100.07545493101506,97.20647330367797,2.951430629906969
20260413_183336,985.0,2985.0,96.6543692295761,88.25008614197553,9.52325765901223
20260413_183337,1070.0,3505.0,183.1951353754909,146.46263854718143,25.079772693345603
20260413_183339,1285.0,3155.0,120.16848662405583,109.48587576963666,9.75706754805147
20260413_183340,1070.0,2890.0,111.74264782405321,101.62822828266744,9.952372202390123
20260413_183341,840.0,2975.0,96.43051699732919,87.82547010816445,9.797894481597309
20260413_183343,1020.0,3015.0,171.35731427544815,143.72199054839268,19.22831963404401
20260413_183344,1030.0,3120.0,98.21067556717804,88.64630088674434,10.789366938901681
20260413_183345,1490.0,3225.0,118.33258813210455,111.97012593780195,5.68228546767632
20260413_183347,1415.0,3110.0,91.33547123035004,88.5952782821444,3.0929333948013493
20260413_183348,1010.0,3200.0,163.4329035054237,136.52932065757716,19.705351728309086
20260413_183349,1270.0,3125.0,98.05664939173377,94.36486211213808,3.9122478398882916
20260413_183351,910.0,2975.0,115.34606959294672,101.24281636123858,13.930127330108185
20260413_183352,1320.0,2955.0,130.07613450196195,122.57069751256883,6.1233534129341844
20260413_183354,1345.0,3065.0,159.57761349571854,145.1782998841957,9.918364950553034
20260413_183355,1370.0,3100.0,125.66425397241971,118.13534116381356,6.373124870538198
20260413_183357,1235.0,3080.0,170.91157172285185,144.03606255930515,18.658875205284804
20260413_183358,1250.0,3100.0,106.02099967059,99.93526741781497,6.089674256167705
20260413_183359,1330.0,3220.0,161.38256050158324,140.57766285104248,14.799575713949553
20260413_183401,960.0,3095.0,175.2476287939486,142.20527065324748,23.235677544801703
20260413_183402,1140.0,2935.0,141.01829517563564,123.86023778217174,13.852756704406724
20260413_183404,1010.0,2905.0,124.43960621324605,110.3608653647467,12.757004760671817
20260413_183405,1115.0,2890.0,111.18928091544193,104.51233592728582,6.388666877373764
20260413_183406,1055.0,3405.0,97.94998898161657,89.96353533701895,8.877434190062653
20260413_183408,1105.0,3190.0,159.1328022138253,134.8111634727744,18.041264621206782
20260413_183409,730.0,3110.0,192.54262077406645,138.50482847678268,39.0150963627539
