wave_id,trajectory_file,C_p_true,theta_true,C_p_calc,theta_calc,C_p_error,theta_error,t1_ref,t2_ref,t3_ref,t1_obs,t2_obs,t3_obs,node1_X0,node1_Y0,node1_T0,node1_t_w0,node1_t_peak,node1_t_U,node1_dh,node1_error_pct,node1_x_enc,node1_y_enc,node1_z_enc,node2_X0,node2_Y0,node2_T0,node2_t_w0,node2_t_peak,node2_t_U,node2_dh,node2_error_pct,node2_x_enc,node2_y_enc,node2_z_enc,node3_X0,node3_Y0,node3_T0,node3_t_w0,node3_t_peak,node3_t_U,node3_dh,node3_error_pct,node3_x_enc,node3_y_enc,node3_z_enc
run_20260325_142734,Analysis_C_Data/Trajectories/traj_run_20260325_142734_L6800_H2000_Thneg15.npz,2.748380010527255,-15.0,2.748380010527258,-15.000000000000005,3.1086244689504383e-15,5.329070518200751e-15,9349.189913108534,10296.452863254615,9703.547136745385,9671.304141565448,10618.56709171153,10025.661365202299,-317.4348697394789,0.0,7906.304141565448,9401.304141565448,9671.304141565448,10161.304141565448,,,70.86513026052108,0.0,362.21266836940777,-3129.2712756661863,-2766.509719177791,8853.56709171153,10348.56709171153,10618.56709171153,11108.56709171153,,,-2740.971275666186,-2766.509719177791,362.2126683694077,-1369.301768969045,3801.7858995878737,8260.661365202299,9755.661365202299,10025.661365202299,10515.661365202299,,,-981.0017689690451,3801.7858995878737,362.21266836940765
run_20260325_142735,Analysis_C_Data/Trajectories/traj_run_20260325_142735_L6800_H2000_Thneg15.npz,2.483180993846072,-15.0,2.4831809938460707,-14.999999999999998,1.3322676295501878e-15,1.7763568394002505e-15,9285.341360058355,10325.53674924169,9674.46325075831,9567.816309958154,10608.011699141489,9956.938200658109,-277.75551102204406,0.0,8022.816309958155,9332.816309958154,9567.816309958154,10022.816309958154,,,62.144488977955916,0.0,327.5135104865323,-3089.5919169487515,-2766.509719177791,9063.011699141489,10373.011699141489,10608.011699141489,11063.011699141489,,,-2749.6919169487514,-2766.509719177791,327.5135104865323,-1329.6224102516103,3801.7858995878737,8411.938200658109,9721.938200658109,9956.938200658109,10411.938200658109,,,-989.7224102516103,3801.7858995878737,327.51351048653237
run_20260325_143408,Analysis_C_Data/Trajectories/traj_run_20260325_143408_L6800_H2000_Thneg15.npz,1.8274040110490282,-15.0,1.8274040110490277,-14.999999999999977,4.440892098500626e-16,2.3092638912203256e-14,9056.438474207973,10429.805133036587,9570.194866963413,9326.538674608775,10699.90533343739,9840.295067364215,-208.97795591182364,0.0,8106.538674608774,9101.538674608775,9326.538674608775,9736.538674608775,,,59.422044088176335,0.0,254.78860381264414,-3020.814361838531,-2766.509719177791,9479.90533343739,10474.90533343739,10699.90533343739,11109.90533343739,,,-2752.414361838531,-2766.509719177791,254.78860381264417,-1260.8448551413899,3801.7858995878737,8620.295067364215,9615.295067364215,9840.295067364215,10250.295067364215,,,-992.4448551413899,3801.7858995878737,254.78860381264417
run_20260325_143409,Analysis_C_Data/Trajectories/traj_run_20260325_143409_L6800_H2000_Thneg15.npz,2.526889839250092,-15.0,2.5268898392500905,-15.000000000000005,1.3322676295501878e-15,5.329070518200751e-15,9296.71309530726,10320.356768871667,9679.643231128333,9498.356381880405,10522.000055444812,9881.28651770148,-259.2384769539078,0.0,8118.356381880405,9328.356381880405,9498.356381880405,9808.356381880405,,,44.3615230460922,0.0,291.6133951867635,-3071.0748828806154,-2766.509719177791,9142.000055444812,10352.000055444812,10522.000055444812,10832.000055444812,,,-2767.4748828806155,-2766.509719177791,291.61339518676346,-1311.105376183474,3801.7858995878737,8501.28651770148,9711.28651770148,9881.28651770148,10191.28651770148,,,-1007.5053761834739,3801.7858995878737,291.61339518676346
run_20260325_143527,Analysis_C_Data/Trajectories/traj_run_20260325_143527_L6800_H2000_Thneg15.npz,2.6549405699020077,-15.0,2.6549405699020077,-14.999999999999998,0.0,1.7763568394002505e-15,9328.03770874332,10306.08798058687,9693.91201941313,9556.224081488812,10534.274353332361,9922.098392158621,-309.49899799599194,0.0,7921.224081488812,9366.224081488812,9556.224081488812,9921.224081488812,,,50.201002004008046,0.0,349.01933250486456,-3121.3354039226992,-2766.509719177791,8899.274353332361,10344.274353332361,10534.274353332361,10899.274353332361,,,-2761.6354039226994,-2766.509719177791,349.0193325048646,-1361.365897225558,3801.7858995878737,8287.098392158621,9732.098392158621,9922.098392158621,10287.098392158621,,,-1001.665897225558,3801.7858995878737,349.01933250486456
run_20260325_143529,Analysis_C_Data/Trajectories/traj_run_20260325_143529_L6800_H2000_Thneg15.npz,2.243676677773307,-15.0,2.2436766777733057,-15.000000000000005,1.3322676295501878e-15,5.329070518200751e-15,9215.86640405909,10357.183538443815,9642.816461556185,9606.678027305583,10747.995161690307,10033.628084802678,-240.72144288577155,0.0,8121.678027305583,9281.678027305583,9606.678027305583,10201.678027305583,,,85.97855711422844,0.0,324.8734207790038,-3052.557848812479,-2766.509719177791,9262.995161690307,10422.995161690307,10747.995161690307,11342.995161690307,,,-2725.857848812479,-2766.509719177791,324.8734207790038,-1292.5883421153376,3801.7858995878737,8548.628084802678,9708.628084802678,10033.628084802678,10628.628084802678,,,-965.8883421153375,3801.7858995878737,324.8734207790038
run_20260325_143530,Analysis_C_Data/Trajectories/traj_run_20260325_143530_L6800_H2000_Thneg15.npz,2.647120936293911,-15.0,2.6471209362939088,-15.000000000000021,2.220446049250313e-15,2.1316282072803006e-14,9326.205034421993,10306.922788714332,9693.077211285668,9627.367359071292,10608.08511336363,9994.239535934967,-312.1442885771543,0.0,7907.3673590712915,9377.367359071292,9627.367359071292,10122.367359071292,,,66.25571142284565,0.0,364.8728250604459,-3123.9806945038617,-2766.509719177791,8888.08511336363,10358.08511336363,10608.08511336363,11103.08511336363,,,-2745.5806945038617,-2766.509719177791,364.8728250604459,-1364.0111878067205,3801.7858995878737,8274.239535934967,9744.239535934967,9994.239535934967,10489.239535934967,,,-985.6111878067205,3801.7858995878737,364.8728250604459
run_20260325_143531,Analysis_C_Data/Trajectories/traj_run_20260325_143531_L6800_H2000_Thneg15.npz,2.659894288560141,-15.0,2.6598942885601384,-14.999999999999945,2.6645352591003757e-15,5.5067062021407764e-14,9329.193553995343,10305.561477323716,9694.438522676284,9628.452071029411,10604.819994357784,9993.697039710352,-301.56312625250496,0.0,7958.452071029411,9378.452071029411,9628.452071029411,10098.452071029411,,,65.83687374749502,0.0,339.1956795070138,-3113.399532179212,-2766.509719177791,8934.819994357784,10354.819994357784,10604.819994357784,11074.819994357784,,,-2745.999532179212,-2766.509719177791,339.1956795070137,-1353.430025482071,3801.7858995878737,8323.697039710352,9743.697039710352,9993.697039710352,10463.697039710352,,,-986.030025482071,3801.7858995878737,339.1956795070138
run_20260325_143533,Analysis_C_Data/Trajectories/traj_run_20260325_143533_L6800_H2000_Thneg15.npz,2.1303765145683635,-15.0,2.1303765145683644,-14.999999999999993,8.881784197001252e-16,7.105427357601002e-15,9178.067156217772,10374.401610930909,9625.598389069091,9500.311645195728,10696.646099908865,9947.842878047048,-193.10621242484967,0.0,8300.311645195728,9230.311645195728,9500.311645195728,9970.311645195728,,,70.89378757515033,0.0,276.4336245910196,-3004.942618351557,-2766.509719177791,9496.646099908865,10426.646099908865,10696.646099908865,11166.646099908865,,,-2740.942618351557,-2766.509719177791,276.43362459101957,-1244.9731116544158,3801.7858995878737,8747.842878047048,9677.842878047048,9947.842878047048,10417.842878047048,,,-980.9731116544158,3801.7858995878737,276.43362459101957
run_20260325_143534,Analysis_C_Data/Trajectories/traj_run_20260325_143534_L6800_H2000_Thneg15.npz,2.6533262870997896,-15.0,2.653326287099788,-14.999999999999961,1.7763568394002505e-15,3.907985046680551e-14,9327.660189080696,10306.259945937705,9693.740054062295,9555.606080864263,10534.205837721272,9921.685945845862,-335.9519038076152,0.0,7800.606080864263,9365.606080864263,9555.606080864263,9925.606080864263,,,50.1480961923848,0.0,360.6011300838015,-3147.7883097343224,-2766.509719177791,8779.205837721272,10344.205837721272,10534.205837721272,10904.205837721272,,,-2761.6883097343225,-2766.509719177791,360.6011300838014,-1387.8188030371814,3801.7858995878737,8166.685945845862,9731.685945845862,9921.685945845862,10291.685945845862,,,-1001.7188030371814,3801.7858995878737,360.6011300838015
run_20260325_143535,Analysis_C_Data/Trajectories/traj_run_20260325_143535_L6800_H2000_Thneg15.npz,2.0903018812412815,-15.0,2.090301881241288,-15.000000000000059,6.661338147750939e-15,5.861977570020827e-14,9163.80986040656,10380.896003458982,9619.103996541018,9581.525291268284,10798.611434320705,10036.819427402741,-251.30260521042084,0.0,8021.525291268284,9236.525291268284,9581.525291268284,10236.525291268284,,,91.89739478957915,0.0,307.80146944988326,-3063.1390111371284,-2766.509719177791,9238.611434320705,10453.611434320705,10798.611434320705,11453.611434320705,,,-2719.9390111371285,-2766.509719177791,307.80146944988326,-1303.169504439987,3801.7858995878737,8476.819427402741,9691.819427402741,10036.819427402741,10691.819427402741,,,-959.9695044399868,3801.7858995878737,307.80146944988326
run_20260325_143537,Analysis_C_Data/Trajectories/traj_run_20260325_143537_L6800_H2000_Thneg15.npz,2.500605235435121,-15.0,2.500605235435119,-15.000000000000025,1.7763568394002505e-15,2.4868995751603507e-14,9289.91842424755,10323.45183413125,9676.54816586875,9495.369326051157,10528.902735934858,9881.999067672357,-280.40080160320645,0.0,8015.369326051156,9325.369326051157,9495.369326051157,9835.369326051157,,,45.19919839679358,0.0,350.79252408616435,-3092.2372075299136,-2766.509719177791,9048.902735934858,10358.902735934858,10528.902735934858,10868.902735934858,,,-2766.6372075299137,-2766.509719177791,350.7925240861642,-1332.2677008327726,3801.7858995878737,8401.999067672357,9711.999067672357,9881.999067672357,10221.999067672357,,,-1006.6677008327725,3801.7858995878737,350.79252408616435
run_20260325_143538,Analysis_C_Data/Trajectories/traj_run_20260325_143538_L6800_H2000_Thneg15.npz,1.986066562286969,-15.0,1.9860665622869706,-15.000000000000037,1.5543122344752192e-15,3.730349362740526e-14,9124.300378962529,10398.893110657693,9601.106889342307,9421.063906016638,10695.656637711802,9897.870416396416,-246.0120240480962,0.0,8006.063906016638,9171.063906016638,9421.063906016638,9831.063906016638,,,65.2879759519038,0.0,303.60824762430195,-3057.8484299748034,-2766.509719177791,9280.656637711802,10445.656637711802,10695.656637711802,11105.656637711802,,,-2746.548429974803,-2766.509719177791,303.608247624302,-1297.8789232776624,3801.7858995878737,8482.870416396416,9647.870416396416,9897.870416396416,10307.870416396416,,,-986.5789232776624,3801.7858995878737,303.608247624302
run_20260325_143539,Analysis_C_Data/Trajectories/traj_run_20260325_143539_L6800_H2000_Thneg15.npz,2.457216979623052,-15.0,2.457216979623054,-15.000000000000018,2.220446049250313e-15,1.7763568394002505e-14,9278.410503413834,10328.693848890975,9671.306151109025,9600.174030467942,10650.457375945083,9993.069678163134,-246.0120240480962,0.0,8160.174030467942,9330.174030467942,9600.174030467942,10090.174030467942,,,70.7879759519038,0.0,283.55214737128074,-3057.8484299748034,-2766.509719177791,9210.457375945083,10380.457375945083,10650.457375945083,11140.457375945083,,,-2741.048429974803,-2766.509719177791,283.55214737128074,-1297.8789232776624,3801.7858995878737,8553.069678163134,9723.069678163134,9993.069678163134,10483.069678163134,,,-981.0789232776624,3801.7858995878737,283.55214737128074
run_20260325_143541,Analysis_C_Data/Trajectories/traj_run_20260325_143541_L6800_H2000_Thneg15.npz,2.497430609604492,-15.0,2.4974306096044967,-15.000000000000034,4.884981308350689e-15,3.375077994860476e-14,9289.088874707528,10323.829705251112,9676.170294748888,9528.227151260635,10562.967981804217,9915.308571301994,-314.78957915831666,0.0,7858.227151260634,9328.227151260635,9528.227151260635,9868.227151260635,,,52.61042084168332,0.0,356.58893601975603,-3126.625985085024,-2766.509719177791,8892.967981804217,10362.967981804217,10562.967981804217,10902.967981804217,,,-2759.2259850850237,-2766.509719177791,356.58893601975603,-1366.6564783878828,3801.7858995878737,8245.308571301994,9715.308571301994,9915.308571301994,10255.308571301994,,,-999.2564783878828,3801.7858995878737,356.58893601975603
run_20260325_143542,Analysis_C_Data/Trajectories/traj_run_20260325_143542_L6800_H2000_Thneg15.npz,2.175119124012242,-15.0,2.17511912401224,-14.999999999999957,1.7763568394002505e-15,4.263256414560601e-14,9193.421474025914,10367.40750993397,9632.59249006603,9467.44953013814,10641.435566046195,9906.620546178256,-216.91382765531063,0.0,8207.44953013814,9242.44953013814,9467.44953013814,9947.44953013814,,,60.28617234468936,0.0,262.1461304216373,-3028.750233582018,-2766.509719177791,9381.435566046195,10416.435566046195,10641.435566046195,11121.435566046195,,,-2751.5502335820183,-2766.509719177791,262.1461304216373,-1268.7807268848767,3801.7858995878737,8646.620546178256,9681.620546178256,9906.620546178256,10386.620546178256,,,-991.5807268848766,3801.7858995878737,262.1461304216373
run_20260325_143543,Analysis_C_Data/Trajectories/traj_run_20260325_143543_L6800_H2000_Thneg15.npz,2.4512499659881524,-15.0,2.4512499659881537,-15.000000000000014,1.3322676295501878e-15,1.4210854715202004e-14,9276.798623425157,10329.42808219112,9670.57191780888,9599.393813805918,10652.023272571882,9993.167108189642,-264.5290581162325,0.0,8074.393813805918,9329.393813805918,9599.393813805918,10089.393813805918,,,70.97094188376752,0.0,326.0322143677079,-3076.36546404294,-2766.509719177791,9127.023272571882,10382.023272571882,10652.023272571882,11142.023272571882,,,-2740.86546404294,-2766.509719177791,326.03221436770787,-1316.3959573457987,3801.7858995878737,8468.167108189642,9723.167108189642,9993.167108189642,10483.167108189642,,,-980.8959573457987,3801.7858995878737,326.0322143677079
run_20260325_143545,Analysis_C_Data/Trajectories/traj_run_20260325_143545_L6800_H2000_Thneg15.npz,1.8579251987318424,-15.0,1.8579251987318435,-14.999999999999982,1.1102230246251565e-15,1.7763568394002505e-14,9070.297788506947,10423.492026510687,9576.507973489313,9483.373940811556,10836.568178815296,9989.584125793923,-211.62324649298594,0.0,8108.373940811556,9143.373940811556,9483.373940811556,10163.373940811556,,,90.87675350701406,0.0,298.1674416063206,-3023.459652419693,-2766.509719177791,9461.568178815296,10496.568178815296,10836.568178815296,11516.568178815296,,,-2720.959652419693,-2766.509719177791,298.1674416063206,-1263.4901457225521,3801.7858995878737,8614.584125793923,9649.584125793923,9989.584125793923,10669.584125793923,,,-960.9901457225521,3801.7858995878737,298.1674416063206
run_20260325_143546,Analysis_C_Data/Trajectories/traj_run_20260325_143546_L6800_H2000_Thneg15.npz,2.476952701060461,-15.0,2.476952701060467,-14.999999999999993,5.773159728050814e-15,7.105427357601002e-15,9283.690940586937,10326.288537801405,9673.711462198595,9638.550660025816,10681.148257240282,10028.571181637471,-235.43086172344692,0.0,8213.550660025816,9343.550660025816,9638.550660025816,10163.550660025816,,,78.06913827655308,0.0,284.8398111551657,-3047.2672676501543,-2766.509719177791,9256.148257240282,10386.148257240282,10681.148257240282,11206.148257240282,,,-2733.7672676501543,-2766.509719177791,284.8398111551657,-1287.297760953013,3801.7858995878737,8603.571181637471,9733.571181637471,10028.571181637471,10553.571181637471,,,-973.797760953013,3801.7858995878737,284.8398111551657
run_20260325_143547,Analysis_C_Data/Trajectories/traj_run_20260325_143547_L6800_H2000_Thneg15.npz,2.554969346365647,-15.0,2.554969346365657,-15.000000000000025,9.769962616701378e-15,2.4868995751603507e-14,9303.829552168472,10317.11512579448,9682.88487420552,9506.304502068273,10519.59007569428,9885.359824105319,-277.75551102204406,0.0,8041.304502068272,9341.304502068273,9506.304502068273,9856.304502068273,,,44.54448897795595,0.0,339.15835533088057,-3089.5919169487515,-2766.509719177791,9054.59007569428,10354.59007569428,10519.59007569428,10869.59007569428,,,-2767.2919169487513,-2766.509719177791,339.1583553308807,-1329.6224102516103,3801.7858995878737,8420.359824105319,9720.359824105319,9885.359824105319,10235.359824105319,,,-1007.3224102516103,3801.7858995878737,339.1583553308805
run_20260325_143548,Analysis_C_Data/Trajectories/traj_run_20260325_143548_L6800_H2000_Thneg15.npz,2.1426738870137876,-15.0,2.142673887013783,-14.999999999999973,4.440892098500626e-15,2.6645352591003757e-14,9182.345196602724,10372.452905238139,9627.547094761861,9415.8922907911,10605.999999426516,9861.09418895024,-269.8196392785571,0.0,7955.892290791101,9220.8922907911,9415.8922907911,9770.8922907911,,,51.38036072144291,0.0,332.9282061530085,-3081.6560452052645,-2766.509719177791,9145.999999426516,10410.999999426516,10605.999999426516,10960.999999426516,,,-2760.4560452052647,-2766.509719177791,332.9282061530084,-1321.6865385081232,3801.7858995878737,8401.09418895024,9666.09418895024,9861.09418895024,10216.09418895024,,,-1000.4865385081232,3801.7858995878737,332.9282061530085
run_20260325_143550,Analysis_C_Data/Trajectories/traj_run_20260325_143550_L6800_H2000_Thneg15.npz,2.35617162899386,-15.0,2.356171628993854,-14.999999999999977,5.773159728050814e-15,2.3092638912203256e-14,9250.107550740851,10341.586229521616,9658.413770478384,9544.48630825588,10635.964987036647,9952.792527993415,-288.3366733466934,0.0,7939.486308255881,9299.48630825588,9544.48630825588,9974.48630825588,,,64.76332665330665,0.0,337.73712265669974,-3100.1730792734006,-2766.509719177791,9030.964987036647,10390.964987036647,10635.964987036647,11065.964987036647,,,-2747.0730792734007,-2766.509719177791,337.7371226566997,-1340.2035725762594,3801.7858995878737,8347.792527993415,9707.792527993415,9952.792527993415,10382.792527993415,,,-987.1035725762594,3801.7858995878737,337.7371226566997
run_20260325_143551,Analysis_C_Data/Trajectories/traj_run_20260325_143551_L6800_H2000_Thneg15.npz,2.156812882770049,-15.0,2.1568128827700486,-15.000000000000027,4.440892098500626e-16,2.6645352591003757e-14,9187.209196574757,10370.237286968504,9629.762713031496,9464.21320459079,10647.241294984537,9906.766721047528,-219.55911823647293,0.0,8189.213204590789,9234.21320459079,9464.21320459079,9939.21320459079,,,60.940881763527074,0.0,270.90132161608386,-3031.39552416318,-2766.509719177791,9372.241294984537,10417.241294984537,10647.241294984537,11122.241294984537,,,-2750.89552416318,-2766.509719177791,270.90132161608386,-1271.426017466039,3801.7858995878737,8631.766721047528,9676.766721047528,9906.766721047528,10381.766721047528,,,-990.926017466039,3801.7858995878737,270.9013216160838
run_20260325_143552,Analysis_C_Data/Trajectories/traj_run_20260325_143552_L6800_H2000_Thneg15.npz,1.9118877531215064,-15.0,1.9118877531215068,-14.999999999999998,4.440892098500626e-16,1.7763568394002505e-15,9093.83050315406,10412.772554305497,9587.227445694503,9546.90665545867,10865.848706610106,10040.303597999113,-211.62324649298594,0.0,8131.90665545867,9171.90665545867,9546.90665545867,10261.90665545867,,,99.67675350701407,0.0,281.4294615582447,-3023.459652419693,-2766.509719177791,9450.848706610106,10490.848706610106,10865.848706610106,11580.848706610106,,,-2712.159652419693,-2766.509719177791,281.4294615582447,-1263.4901457225521,3801.7858995878737,8625.303597999113,9665.303597999113,10040.303597999113,10755.303597999113,,,-952.1901457225522,3801.7858995878737,281.4294615582447
run_20260325_143553,Analysis_C_Data/Trajectories/traj_run_20260325_143553_L6800_H2000_Thneg15.npz,2.23924810211165,-15.0,2.239248102111644,-14.999999999999936,6.217248937900877e-15,6.394884621840902e-14,9214.454348498088,10357.826748994119,9642.173251005881,9519.905250301694,10663.277650797727,9947.624152809489,-280.40080160320645,0.0,7939.905250301695,9264.905250301694,9519.905250301694,9959.905250301694,,,67.19919839679358,0.0,352.11417258798565,-3092.2372075299136,-2766.509719177791,9083.277650797727,10408.277650797727,10663.277650797727,11103.277650797727,,,-2744.6372075299137,-2766.509719177791,352.11417258798565,-1332.2677008327726,3801.7858995878737,8367.624152809489,9692.624152809489,9947.624152809489,10387.624152809489,,,-984.6677008327725,3801.7858995878737,352.1141725879857
run_20260325_143555,Analysis_C_Data/Trajectories/traj_run_20260325_143555_L6800_H2000_Thneg15.npz,2.37394029979395,-15.0,2.3739402997939476,-14.999999999999961,2.220446049250313e-15,3.907985046680551e-14,9255.244365981902,10339.246340179252,9660.753659820748,9508.671219689317,10592.673193886667,9914.180513528163,-283.0460921843687,0.0,7968.671219689317,9298.671219689317,9508.671219689317,9898.671219689317,,,55.753907815631294,0.0,328.4870440447878,-3094.882498111076,-2766.509719177791,9052.673193886667,10382.673193886667,10592.673193886667,10982.673193886667,,,-2756.082498111076,-2766.509719177791,328.4870440447878,-1334.9129914139348,3801.7858995878737,8374.180513528163,9704.180513528163,9914.180513528163,10304.180513528163,,,-996.1129914139349,3801.7858995878737,328.4870440447878
run_20260325_143556,Analysis_C_Data/Trajectories/traj_run_20260325_143556_L6800_H2000_Thneg15.npz,2.0180607041413086,-15.0,2.0180607041413077,-14.999999999999986,8.881784197001252e-16,1.4210854715202004e-14,9136.818921397691,10393.190743986634,9606.809256013366,9472.159602760417,10728.53142534936,9942.149937376093,-182.5250501002004,0.0,8307.159602760417,9192.159602760417,9472.159602760417,9957.159602760417,,,73.77494989979962,0.0,274.89076379718654,-2994.361456026908,-2766.509719177791,9563.53142534936,10448.53142534936,10728.53142534936,11213.53142534936,,,-2738.0614560269078,-2766.509719177791,274.8907637971864,-1234.3919493297665,3801.7858995878737,8777.149937376093,9662.149937376093,9942.149937376093,10427.149937376093,,,-978.0919493297665,3801.7858995878737,274.8907637971864
run_20260325_143557,Analysis_C_Data/Trajectories/traj_run_20260325_143557_L6800_H2000_Thneg15.npz,1.772655603444619,-15.0,1.7726556034446166,-14.999999999999982,2.4424906541753444e-15,1.7763568394002505e-14,9030.514028997974,10441.614071105603,9558.385928894397,9514.301604148273,10925.401646255905,10042.173504044698,-243.36673346693385,0.0,7924.301604148274,9114.301604148273,9514.301604148273,10264.301604148273,,,106.43326653306616,0.0,293.98102789771167,-3055.2031393936413,-2766.509719177791,9335.401646255905,10525.401646255905,10925.401646255905,11675.401646255905,,,-2705.403139393641,-2766.509719177791,293.98102789771167,-1295.2336326965,3801.7858995878737,8452.173504044698,9642.173504044698,10042.173504044698,10792.173504044698,,,-945.4336326965001,3801.7858995878737,293.98102789771167
run_20260325_143558,Analysis_C_Data/Trajectories/traj_run_20260325_143558_L6800_H2000_Thneg15.npz,2.184692345169989,-15.0,2.1846923451699873,-14.999999999999993,1.7763568394002505e-15,7.105427357601002e-15,9196.632510408905,10365.944839104299,9634.055160895701,9555.780807002091,10725.093135697485,9993.203457488888,-203.68737474949899,0.0,8270.780807002091,9255.780807002091,9555.780807002091,10100.780807002091,,,79.012625250501,0.0,275.60978588317386,-3015.523780676206,-2766.509719177791,9440.093135697485,10425.093135697485,10725.093135697485,11270.093135697485,,,-2732.8237806762063,-2766.509719177791,275.60978588317374,-1255.554273979065,3801.7858995878737,8708.203457488888,9693.203457488888,9993.203457488888,10538.203457488888,,,-972.854273979065,3801.7858995878737,275.60978588317386
run_20260325_143559,Analysis_C_Data/Trajectories/traj_run_20260325_143559_L6800_H2000_Thneg15.npz,2.691284758610114,-15.0,2.6912847586101236,-15.000000000000027,9.769962616701378e-15,2.6645352591003757e-14,9336.426419001202,10302.266808750335,9697.733191249665,9628.420406977155,10594.260796726287,9989.727179225616,-330.66132264529057,0.0,7833.420406977154,9383.420406977155,9628.420406977155,10068.420406977155,,,64.23867735470941,0.0,350.18730906977953,-3142.497728571998,-2766.509719177791,8799.260796726287,10349.260796726287,10594.260796726287,11034.260796726287,,,-2747.597728571998,-2766.509719177791,350.1873090697795,-1382.5282218748566,3801.7858995878737,8194.727179225616,9744.727179225616,9989.727179225616,10429.727179225616,,,-987.6282218748566,3801.7858995878737,350.1873090697795
run_20260325_143601,Analysis_C_Data/Trajectories/traj_run_20260325_143601_L6800_H2000_Thneg15.npz,2.379933637985318,-15.0,2.3799336379853147,-15.000000000000009,3.552713678800501e-15,8.881784197001252e-15,9256.961168410773,10338.464313277807,9661.535686722193,9585.388022118188,10666.891166985222,9989.962540429608,-283.0460921843687,0.0,7970.388022118188,9310.388022118188,9585.388022118188,10090.388022118188,,,72.2539078156313,0.0,344.4702034442822,-3094.882498111076,-2766.509719177791,9051.891166985222,10391.891166985222,10666.891166985222,11171.891166985222,,,-2739.582498111076,-2766.509719177791,344.4702034442822,-1334.9129914139348,3801.7858995878737,8374.962540429608,9714.962540429608,9989.962540429608,10494.962540429608,,,-979.6129914139349,3801.7858995878737,344.4702034442823
run_20260325_143602,Analysis_C_Data/Trajectories/traj_run_20260325_143602_L6800_H2000_Thneg15.npz,2.632119793110303,-15.0,2.6321197931103026,-14.999999999999982,4.440892098500626e-16,1.7763568394002505e-14,9322.661110783356,10308.537094225248,9691.462905774752,9658.703194951693,10644.579178393586,10027.504989943089,-325.3707414829659,0.0,7843.703194951693,9378.703194951693,9658.703194951693,10158.703194951693,,,73.9292585170341,0.0,378.3772998136386,-3137.2071474096733,-2766.509719177791,8829.579178393586,10364.579178393586,10644.579178393586,11144.579178393586,,,-2737.907147409673,-2766.509719177791,378.37729981363856,-1377.237640712532,3801.7858995878737,8212.504989943089,9747.504989943089,10027.504989943089,10527.504989943089,,,-977.9376407125321,3801.7858995878737,378.3772998136386
run_20260325_143603,Analysis_C_Data/Trajectories/traj_run_20260325_143603_L6800_H2000_Thneg15.npz,2.383504722244566,-15.0,2.3835047222445636,-14.999999999999945,2.6645352591003757e-15,5.5067062021407764e-14,9257.980353915922,10338.000060391634,9661.999939608366,9505.33506333476,10585.354769810472,9909.354649027204,-290.9819639278557,0.0,7935.33506333476,9295.33506333476,9505.33506333476,9860.33506333476,,,54.418036072144275,0.0,318.83297017677137,-3102.818369854563,-2766.509719177791,9015.354769810472,10375.354769810472,10585.354769810472,10940.354769810472,,,-2757.418369854563,-2766.509719177791,318.8329701767714,-1342.8488631574219,3801.7858995878737,8339.354649027204,9699.354649027204,9909.354649027204,10264.354649027204,,,-997.4488631574219,3801.7858995878737,318.83297017677137
run_20260325_143605,Analysis_C_Data/Trajectories/traj_run_20260325_143605_L6800_H2000_Thneg15.npz,2.6119891590653226,-15.0,2.611989159065322,-14.999999999999957,4.440892098500626e-16,4.263256414560601e-14,9317.84638144034,10310.730269051948,9689.269730948052,9551.864417512485,10544.748305124092,9923.287767020196,-328.01603206412824,0.0,7826.864417512485,9356.864417512485,9551.864417512485,9946.864417512485,,,51.48396793587176,0.0,379.7213129188785,-3139.852437990836,-2766.509719177791,8819.748305124092,10349.748305124092,10544.748305124092,10939.748305124092,,,-2760.352437990836,-2766.509719177791,379.7213129188784,-1379.8829312936944,3801.7858995878737,8198.287767020196,9728.287767020196,9923.287767020196,10318.287767020196,,,-1000.3829312936944,3801.7858995878737,379.7213129188785
run_20260325_143606,Analysis_C_Data/Trajectories/traj_run_20260325_143606_L6800_H2000_Thneg15.npz,2.1929635394500355,-15.0,2.192963539450036,-15.000000000000025,4.440892098500626e-16,2.4868995751603507e-14,9199.386306094602,10364.690447643125,9635.309552356875,9559.606746976366,10724.910888524888,9995.529993238639,-195.751503006012,0.0,8309.606746976366,9264.606746976366,9559.606746976366,10164.606746976366,,,79.248496993988,0.0,256.7813618201035,-3007.5879089327195,-2766.509719177791,9474.910888524888,10429.910888524888,10724.910888524888,11329.910888524888,,,-2732.5879089327195,-2766.509719177791,256.7813618201035,-1247.618402235578,3801.7858995878737,8745.529993238639,9700.529993238639,9995.529993238639,10600.529993238639,,,-972.6184022355781,3801.7858995878737,256.7813618201035
run_20260325_143607,Analysis_C_Data/Trajectories/traj_run_20260325_143607_L6800_H2000_Thneg15.npz,2.5414759125110864,-15.0,2.5414759125110957,-15.000000000000018,9.325873406851315e-15,1.7763568394002505e-14,9300.427845911772,10318.66464934991,9681.33535065009,9574.56612246488,10592.802925903015,9955.473627203195,-314.78957915831666,0.0,7869.566122464878,9349.56612246488,9574.56612246488,10014.56612246488,,,60.31042084168337,0.0,354.12544764773196,-3126.625985085024,-2766.509719177791,8887.802925903015,10367.802925903015,10592.802925903015,11032.802925903015,,,-2751.525985085024,-2766.509719177791,354.125447647732,-1366.6564783878828,3801.7858995878737,8250.473627203195,9730.473627203195,9955.473627203195,10395.473627203195,,,-991.5564783878827,3801.7858995878737,354.12544764773196
run_20260325_143609,Analysis_C_Data/Trajectories/traj_run_20260325_143609_L6800_H2000_Thneg15.npz,2.6214399289101524,-15.0,2.621439928910152,-14.999999999999957,4.440892098500626e-16,4.263256414560601e-14,9320.115258139873,10309.696764797027,9690.303235202973,9625.325678981557,10614.90718563871,9995.513656044657,-306.8537074148296,0.0,7925.325678981557,9375.325678981557,9625.325678981557,10135.325678981557,,,67.14629258517039,0.0,334.2283841174625,-3118.6901133415367,-2766.509719177791,8914.90718563871,10364.90718563871,10614.90718563871,11124.90718563871,,,-2744.6901133415367,-2766.509719177791,334.22838411746255,-1358.7206066443957,3801.7858995878737,8295.513656044657,9745.513656044657,9995.513656044657,10505.513656044657,,,-984.7206066443957,3801.7858995878737,334.2283841174625
run_20260325_143610,Analysis_C_Data/Trajectories/traj_run_20260325_143610_L6800_H2000_Thneg15.npz,2.5290666642315216,-15.0,2.5290666642315203,-14.999999999999986,1.3322676295501878e-15,1.4210854715202004e-14,9297.269987041886,10320.103097097706,9679.896902902294,9538.432311691184,10561.265421747004,9921.059227551592,-312.1442885771543,0.0,7878.432311691184,9338.432311691184,9538.432311691184,9903.432311691184,,,53.05571142284566,0.0,377.98181932176476,-3123.9806945038617,-2766.509719177791,8901.265421747004,10361.265421747004,10561.265421747004,10926.265421747004,,,-2758.780694503862,-2766.509719177791,377.98181932176476,-1364.0111878067205,3801.7858995878737,8261.059227551592,9721.059227551592,9921.059227551592,10286.059227551592,,,-998.8111878067205,3801.7858995878737,377.98181932176476
run_20260325_143611,Analysis_C_Data/Trajectories/traj_run_20260325_143611_L6800_H2000_Thneg15.npz,2.2708285052590313,-15.0,2.270828505259034,-14.999999999999993,2.6645352591003757e-15,7.105427357601002e-15,9224.41402589568,10353.289980217669,9646.710019782331,9610.816831506902,10739.692785828891,10033.112825393553,-285.69138276553105,0.0,7925.8168315069015,9290.816831506902,9610.816831506902,10195.816831506902,,,85.00861723446894,0.0,328.9052012743278,-3097.5277886922386,-2766.509719177791,9054.692785828891,10419.692785828891,10739.692785828891,11324.692785828891,,,-2726.8277886922388,-2766.509719177791,328.9052012743278,-1337.558281995097,3801.7858995878737,8348.112825393553,9713.112825393553,10033.112825393553,10618.112825393553,,,-966.8582819950971,3801.7858995878737,328.9052012743278
run_20260325_143613,Analysis_C_Data/Trajectories/traj_run_20260325_143613_L6800_H2000_Thneg15.npz,2.6247157494054143,-15.0,2.624715749405413,-14.999999999999996,1.3322676295501878e-15,3.552713678800501e-15,9320.898176564066,10309.340134785874,9690.659865214126,9517.300982175288,10505.742940397096,9887.062670825348,-285.69138276553105,0.0,8022.300982175288,9352.300982175288,9517.300982175288,9832.300982175288,,,43.20861723446893,0.0,351.12914733838073,-3097.5277886922386,-2766.509719177791,9010.742940397096,10340.742940397096,10505.742940397096,10820.742940397096,,,-2768.6277886922385,-2766.509719177791,351.12914733838085,-1337.558281995097,3801.7858995878737,8392.062670825348,9722.062670825348,9887.062670825348,10202.062670825348,,,-1008.6582819950971,3801.7858995878737,351.12914733838096
run_20260325_143614,Analysis_C_Data/Trajectories/traj_run_20260325_143614_L6800_H2000_Thneg15.npz,2.4911955692903165,-15.0,2.491195569290317,-14.999999999999961,4.440892098500626e-16,3.907985046680551e-14,9287.453965158324,10324.574428829903,9675.425571170097,9566.712482192392,10603.832945863971,9954.684088204165,-301.56312625250496,0.0,7916.712482192392,9331.712482192392,9566.712482192392,10001.712482192392,,,61.43687374749504,0.0,332.4843598679635,-3113.399532179212,-2766.509719177791,8953.832945863971,10368.832945863971,10603.832945863971,11038.832945863971,,,-2750.399532179212,-2766.509719177791,332.4843598679635,-1353.430025482071,3801.7858995878737,8304.684088204165,9719.684088204165,9954.684088204165,10389.684088204165,,,-990.430025482071,3801.7858995878737,332.4843598679635
run_20260325_143615,Analysis_C_Data/Trajectories/traj_run_20260325_143615_L6800_H2000_Thneg15.npz,2.6177402850104543,-15.0,2.6177402850104556,-15.00000000000004,1.3322676295501878e-15,4.085620730620576e-14,9319.228872782127,10310.100525406373,9689.899474593627,9617.896207451466,10608.767860075712,9988.566809262966,-256.5931863727455,0.0,8152.896207451466,9367.896207451466,9617.896207451466,10062.896207451466,,,65.70681362725452,0.0,288.3905553057414,-3068.429592299453,-2766.509719177791,9143.767860075712,10358.767860075712,10608.767860075712,11053.767860075712,,,-2746.1295922994527,-2766.509719177791,288.3905553057414,-1308.4600856023117,3801.7858995878737,8523.566809262966,9738.566809262966,9988.566809262966,10433.566809262966,,,-986.1600856023117,3801.7858995878737,288.3905553057414
run_20260325_143617,Analysis_C_Data/Trajectories/traj_run_20260325_143617_L6800_H2000_Thneg15.npz,2.110467074997008,-15.0,2.1104670749970085,-14.999999999999973,4.440892098500626e-16,2.6645352591003757e-14,9171.045292463265,10377.600165558957,9622.399834441043,9584.121444767874,10790.676317863567,10035.475986745652,-211.62324649298594,0.0,8209.121444767874,9239.121444767874,9584.121444767874,10224.121444767874,,,90.87675350701406,0.0,260.2592849304517,-3023.459652419693,-2766.509719177791,9415.676317863567,10445.676317863567,10790.676317863567,11430.676317863567,,,-2720.959652419693,-2766.509719177791,260.25928493045177,-1263.4901457225521,3801.7858995878737,8660.475986745652,9690.475986745652,10035.475986745652,10675.475986745652,,,-960.9901457225521,3801.7858995878737,260.25928493045177
run_20260325_143618,Analysis_C_Data/Trajectories/traj_run_20260325_143618_L6800_H2000_Thneg15.npz,2.2598366682830644,-15.0,2.2598366682830657,-14.99999999999999,1.3322676295501878e-15,1.0658141036401503e-14,9220.976253280556,10354.855932490842,9645.144067509158,9570.715732238472,10704.595411448758,9994.883546467074,-248.6573146292585,0.0,8090.715732238472,9280.715732238472,9570.715732238472,10140.715732238472,,,76.94268537074151,0.0,293.31661613111896,-3060.493720555966,-2766.509719177791,9224.595411448758,10414.595411448758,10704.595411448758,11274.595411448758,,,-2734.893720555966,-2766.509719177791,293.3166161311191,-1300.5242138588246,3801.7858995878737,8514.883546467074,9704.883546467074,9994.883546467074,10564.883546467074,,,-974.9242138588246,3801.7858995878737,293.316616131119
run_20260325_143619,Analysis_C_Data/Trajectories/traj_run_20260325_143619_L6800_H2000_Thneg15.npz,2.5216964715903862,-15.0,2.521696471590389,-15.00000000000005,2.6645352591003757e-15,4.973799150320701e-14,9295.380917400562,10320.963594061934,9679.036405938066,9645.95205968513,10671.534736346503,10029.607548222635,-267.17434869739475,0.0,8080.952059685131,9355.95205968513,9645.95205968513,10200.95205968513,,,77.12565130260526,0.0,309.75026831529976,-3079.010754624102,-2766.509719177791,9106.534736346503,10381.534736346503,10671.534736346503,11226.534736346503,,,-2734.710754624102,-2766.509719177791,309.75026831529976,-1319.0412479269608,3801.7858995878737,8464.607548222635,9739.607548222635,10029.607548222635,10584.607548222635,,,-974.7412479269608,3801.7858995878737,309.75026831529976
run_20260325_143620,Analysis_C_Data/Trajectories/traj_run_20260325_143620_L6800_H2000_Thneg15.npz,1.8385800600047422,-15.0,1.838580060004743,-14.999999999999996,8.881784197001252e-16,3.552713678800501e-15,9061.561077894787,10427.471717250843,9572.528282749157,9381.541037814626,10747.451677170682,9892.508242668997,-222.20440881763525,0.0,8051.541037814626,9116.541037814626,9381.541037814626,9896.541037814626,,,70.39559118236477,0.0,283.48260734881785,-3034.0408147443427,-2766.509719177791,9417.451677170682,10482.451677170682,10747.451677170682,11262.451677170682,,,-2741.440814744343,-2766.509719177791,283.48260734881785,-1274.0713080472015,3801.7858995878737,8562.508242668997,9627.508242668997,9892.508242668997,10407.508242668997,,,-981.4713080472014,3801.7858995878737,283.48260734881785
run_20260325_143622,Analysis_C_Data/Trajectories/traj_run_20260325_143622_L6800_H2000_Thneg15.npz,2.4321722485103967,-15.0,2.432172248510395,-14.999999999999964,1.7763568394002505e-15,3.552713678800501e-14,9271.596460726421,10331.797738190955,9668.202261809045,9556.335939684337,10616.53721714887,9952.94174076696,-248.6573146292585,0.0,8141.335939684337,9316.335939684337,9556.335939684337,9966.335939684337,,,62.6426853707415,0.0,321.69491950311743,-3060.493720555966,-2766.509719177791,9201.53721714887,10376.53721714887,10616.53721714887,11026.53721714887,,,-2749.1937205559657,-2766.509719177791,321.69491950311743,-1300.5242138588246,3801.7858995878737,8537.94174076696,9712.94174076696,9952.94174076696,10362.94174076696,,,-989.2242138588247,3801.7858995878737,321.69491950311743
run_20260325_143623,Analysis_C_Data/Trajectories/traj_run_20260325_143623_L6800_H2000_Thneg15.npz,2.252342487836836,-15.0,2.252342487836836,-14.999999999999986,0.0,1.4210854715202004e-14,9218.614871490397,10355.931574075123,9644.068425924877,9565.378398544506,10702.695101129231,9990.831952978986,-246.0120240480962,0.0,8100.378398544506,9275.378398544506,9565.378398544506,10105.378398544506,,,76.2879759519038,0.0,326.6451536019219,-3057.8484299748034,-2766.509719177791,9237.695101129231,10412.695101129231,10702.695101129231,11242.695101129231,,,-2735.548429974803,-2766.509719177791,326.64515360192183,-1297.8789232776624,3801.7858995878737,8525.831952978986,9700.831952978986,9990.831952978986,10530.831952978986,,,-975.5789232776624,3801.7858995878737,326.64515360192195
run_20260325_143624,Analysis_C_Data/Trajectories/traj_run_20260325_143624_L6800_H2000_Thneg15.npz,2.6076616808125888,-15.0,2.6076616808125896,-14.999999999999966,8.881784197001252e-16,3.375077994860476e-14,9316.80240755571,10311.205813382769,9688.794186617231,9617.844491724047,10612.247897551106,9989.836270785569,-325.3707414829659,0.0,7837.844491724047,9367.844491724047,9617.844491724047,10077.844491724047,,,66.22925851703411,0.0,382.87711406026966,-3137.2071474096733,-2766.509719177791,8832.247897551106,10362.247897551106,10612.247897551106,11072.247897551106,,,-2745.6071474096734,-2766.509719177791,382.8771140602697,-1377.237640712532,3801.7858995878737,8209.836270785569,9739.836270785569,9989.836270785569,10449.836270785569,,,-985.6376407125321,3801.7858995878737,382.8771140602697
run_20260325_143626,Analysis_C_Data/Trajectories/traj_run_20260325_143626_L6800_H2000_Thneg15.npz,2.174021158138025,-15.0,2.1740211581380273,-14.999999999999996,2.220446049250313e-15,3.552713678800501e-15,9193.051554280893,10367.576013418773,9632.423986581227,9511.718888950232,10686.243348088112,9951.091321250566,-256.5931863727455,0.0,8026.718888950232,9246.718888950232,9511.718888950232,10021.718888950232,,,70.1068136272545,0.0,309.03921137754605,-3068.429592299453,-2766.509719177791,9201.243348088112,10421.243348088112,10686.243348088112,11196.243348088112,,,-2741.729592299453,-2766.509719177791,309.03921137754605,-1308.4600856023117,3801.7858995878737,8466.091321250566,9686.091321250566,9951.091321250566,10461.091321250566,,,-981.7600856023116,3801.7858995878737,309.03921137754605
run_20260325_143627,Analysis_C_Data/Trajectories/traj_run_20260325_143627_L6800_H2000_Thneg15.npz,2.189006522075205,-15.0,2.189006522075202,-14.999999999999996,2.6645352591003757e-15,3.552713678800501e-15,9198.07122360384,10365.28948563847,9634.71051436153,9592.690462080795,10759.908724115425,10029.329752838485,-261.8837675350701,0.0,8007.690462080794,9262.690462080795,9592.690462080795,10177.690462080795,,,86.8162324649299,0.0,343.91232405587243,-3073.7201734617774,-2766.509719177791,9174.908724115425,10429.908724115425,10759.908724115425,11344.908724115425,,,-2725.0201734617776,-2766.509719177791,343.9123240558725,-1313.7506667646362,3801.7858995878737,8444.329752838485,9699.329752838485,10029.329752838485,10614.329752838485,,,-965.0506667646362,3801.7858995878737,343.91232405587243
run_20260325_143628,Analysis_C_Data/Trajectories/traj_run_20260325_143628_L6800_H2000_Thneg15.npz,1.9715575894445816,-15.0,1.9715575894445807,-15.000000000000002,8.881784197001252e-16,1.7763568394002505e-15,9118.50290319419,10401.533939873143,9598.466060126857,9422.530959306416,10705.561995985368,9902.494116239082,-216.91382765531063,0.0,8132.530959306415,9172.530959306416,9422.530959306416,9937.530959306416,,,66.88617234468938,0.0,290.70040854084675,-3028.750233582018,-2766.509719177791,9415.561995985368,10455.561995985368,10705.561995985368,11220.561995985368,,,-2744.950233582018,-2766.509719177791,290.70040854084675,-1268.7807268848767,3801.7858995878737,8612.494116239082,9652.494116239082,9902.494116239082,10417.494116239082,,,-984.9807268848767,3801.7858995878737,290.70040854084675
run_20260325_143630,Analysis_C_Data/Trajectories/traj_run_20260325_143630_L6800_H2000_Thneg15.npz,2.695697408766173,-15.0,2.695697408766169,-14.999999999999941,3.9968028886505635e-15,5.861977570020827e-14,9337.430678927813,10301.80935466858,9698.19064533142,9633.953725019997,10598.332400760764,9994.713691423605,-272.4649298597194,0.0,8098.953725019997,9388.953725019997,9633.953725019997,10098.953725019997,,,65.23507014028058,0.0,324.0060109635639,-3084.3013357864265,-2766.509719177791,9063.332400760764,10353.332400760764,10598.332400760764,11063.332400760764,,,-2746.6013357864267,-2766.509719177791,324.0060109635639,-1324.3318290892855,3801.7858995878737,8459.713691423605,9749.713691423605,9994.713691423605,10459.713691423605,,,-986.6318290892855,3801.7858995878737,324.0060109635639
run_20260325_143631,Analysis_C_Data/Trajectories/traj_run_20260325_143631_L6800_H2000_Thneg15.npz,2.5255076312180558,-15.0,2.525507631218054,-14.99999999999998,1.7763568394002505e-15,1.9539925233402755e-14,9296.359030070857,10320.518050411742,9679.481949588258,9533.47325852777,10557.632278868656,9916.596178045173,-317.4348697394789,0.0,7853.473258527771,9333.47325852777,9533.47325852777,9898.47325852777,,,52.165130260521096,0.0,345.99374048503756,-3129.2712756661863,-2766.509719177791,8877.632278868656,10357.632278868656,10557.632278868656,10922.632278868656,,,-2759.6712756661864,-2766.509719177791,345.9937404850376,-1369.301768969045,3801.7858995878737,8236.596178045173,9716.596178045173,9916.596178045173,10281.596178045173,,,-999.701768969045,3801.7858995878737,345.99374048503756
run_20260325_143632,Analysis_C_Data/Trajectories/traj_run_20260325_143632_L6800_H2000_Thneg15.npz,2.6385357937070255,-15.0,2.6385357937070273,-15.000000000000025,1.7763568394002505e-15,2.4868995751603507e-14,9324.181401950242,10307.844580881523,9692.155419118477,9586.65635185004,10570.319530781322,9954.630369018276,-277.75551102204406,0.0,8061.656351850042,9366.65635185004,9586.65635185004,9981.65635185004,,,57.74448897795594,0.0,344.5908382582532,-3089.5919169487515,-2766.509719177791,9045.319530781322,10350.319530781322,10570.319530781322,10965.319530781322,,,-2754.0919169487515,-2766.509719177791,344.5908382582532,-1329.6224102516103,3801.7858995878737,8429.630369018276,9734.630369018276,9954.630369018276,10349.630369018276,,,-994.1224102516103,3801.7858995878737,344.5908382582532
run_20260325_143634,Analysis_C_Data/Trajectories/traj_run_20260325_143634_L6800_H2000_Thneg15.npz,2.5799844667724425,-15.0,2.5799844667724443,-15.000000000000009,1.7763568394002505e-15,8.881784197001252e-15,9310.049153663702,10314.282012558067,9685.717987441933,9510.50005546731,10514.732914361675,9886.16888924554,-280.40080160320645,0.0,8035.500055467309,9340.50005546731,9510.50005546731,9810.50005546731,,,44.099198396793554,0.0,332.7902142423673,-3092.2372075299136,-2766.509719177791,9039.732914361675,10344.732914361675,10514.732914361675,10814.732914361675,,,-2767.7372075299136,-2766.509719177791,332.7902142423674,-1332.2677008327726,3801.7858995878737,8411.16888924554,9716.16888924554,9886.16888924554,10186.16888924554,,,-1007.7677008327726,3801.7858995878737,332.7902142423673
run_20260325_143635,Analysis_C_Data/Trajectories/traj_run_20260325_143635_L6800_H2000_Thneg15.npz,2.0628348800895875,-15.0,2.0628348800895906,-15.000000000000005,3.1086244689504383e-15,5.329070518200751e-15,9153.74884560099,10385.478932805703,9614.521067194297,9486.704757424639,10718.43484462935,9947.476979017943,-224.84969939879758,0.0,8131.704757424638,9211.704757424639,9486.704757424639,10016.704757424639,,,73.25030060120244,0.0,288.50602059603443,-3036.6861053255047,-2766.509719177791,9363.43484462935,10443.43484462935,10718.43484462935,11248.43484462935,,,-2738.586105325505,-2766.509719177791,288.5060205960344,-1276.7165986283637,3801.7858995878737,8592.476979017943,9672.476979017943,9947.476979017943,10477.476979017943,,,-978.6165986283637,3801.7858995878737,288.50602059603443
run_20260325_143636,Analysis_C_Data/Trajectories/traj_run_20260325_143636_L6800_H2000_Thneg15.npz,1.8693524053798196,-15.0,1.8693524053798252,-15.000000000000009,5.551115123125783e-15,8.881784197001252e-15,9075.382569448859,10421.17583950066,9578.82416049934,9393.578962234431,10739.37223228623,9897.02055328491,-198.39679358717436,0.0,8173.57896223443,9133.578962234431,9393.578962234431,9923.578962234431,,,70.00320641282562,0.0,271.94743042011277,-3010.2331995138816,-2766.509719177791,9519.37223228623,10479.37223228623,10739.37223228623,11269.37223228623,,,-2741.8331995138815,-2766.509719177791,271.9474304201127,-1250.2636928167406,3801.7858995878737,8677.02055328491,9637.02055328491,9897.02055328491,10427.02055328491,,,-981.8636928167406,3801.7858995878737,271.9474304201127
run_20260325_143638,Analysis_C_Data/Trajectories/traj_run_20260325_143638_L6800_H2000_Thneg15.npz,2.022780414223818,-15.0,2.022780414223818,-15.000000000000025,0.0,2.4868995751603507e-14,9138.635400805962,10392.36331286276,9607.63668713724,9518.49512024484,10772.223032301637,9987.496406576116,-235.43086172344692,0.0,8068.49512024484,9198.49512024484,9518.49512024484,10078.49512024484,,,83.56913827655308,0.0,279.72784536259434,-3047.2672676501543,-2766.509719177791,9322.223032301637,10452.223032301637,10772.223032301637,11332.223032301637,,,-2728.2672676501543,-2766.509719177791,279.7278453625943,-1287.297760953013,3801.7858995878737,8537.496406576116,9667.496406576116,9987.496406576116,10547.496406576116,,,-968.297760953013,3801.7858995878737,279.7278453625943
run_20260325_143639,Analysis_C_Data/Trajectories/traj_run_20260325_143639_L6800_H2000_Thneg15.npz,2.1585902918063686,-15.0,2.158590291806368,-14.999999999999977,4.440892098500626e-16,2.3092638912203256e-14,9187.81655704521,10369.96062599763,9630.03937400237,9506.604132195509,10688.74820114793,9948.82694915267,-243.36673346693385,0.0,8081.60413219551,9241.604132195509,9506.604132195509,9971.604132195509,,,70.13326653306615,0.0,338.0536284774928,-3055.2031393936413,-2766.509719177791,9263.74820114793,10423.74820114793,10688.74820114793,11153.74820114793,,,-2741.7031393936413,-2766.509719177791,338.05362847749285,-1295.2336326965,3801.7858995878737,8523.82694915267,9683.82694915267,9948.82694915267,10413.82694915267,,,-981.7336326965001,3801.7858995878737,338.0536284774929
run_20260325_143640,Analysis_C_Data/Trajectories/traj_run_20260325_143640_L6800_H2000_Thneg15.npz,2.2369490818773845,-15.0,2.2369490818773854,-14.999999999999966,8.881784197001252e-16,3.375077994860476e-14,9213.719296493526,10358.161575198848,9641.838424801152,9483.33853497048,10627.780813675803,9911.457663278106,-261.8837675350701,0.0,8023.3385349704795,9258.33853497048,9483.33853497048,9893.33853497048,,,59.3162324649299,0.0,342.3987285471533,-3073.7201734617774,-2766.509719177791,9167.780813675803,10402.780813675803,10627.780813675803,11037.780813675803,,,-2752.5201734617776,-2766.509719177791,342.3987285471533,-1313.7506667646362,3801.7858995878737,8451.457663278106,9686.457663278106,9911.457663278106,10321.457663278106,,,-992.5506667646362,3801.7858995878737,342.3987285471533
run_20260325_143642,Analysis_C_Data/Trajectories/traj_run_20260325_143642_L6800_H2000_Thneg15.npz,2.078463281540898,-15.0,2.078463281540899,-14.99999999999998,1.3322676295501878e-15,1.9539925233402755e-14,9159.502930460993,10382.857868740293,9617.142131259707,9578.410746092255,10801.765684371556,10036.04994689097,-230.14028056112224,0.0,8113.410746092255,9228.410746092255,9578.410746092255,10228.410746092255,,,92.15971943887777,0.0,285.09861451504105,-3041.9766864878297,-2766.509719177791,9336.765684371556,10451.765684371556,10801.765684371556,11451.765684371556,,,-2719.6766864878296,-2766.509719177791,285.09861451504105,-1282.0071797906883,3801.7858995878737,8571.04994689097,9686.04994689097,10036.04994689097,10686.04994689097,,,-959.7071797906883,3801.7858995878737,285.09861451504105
run_20260325_143643,Analysis_C_Data/Trajectories/traj_run_20260325_143643_L6800_H2000_Thneg15.npz,2.0428118342550285,-15.0,2.0428118342550268,-15.000000000000012,1.7763568394002505e-15,1.2434497875801753e-14,9146.26058458186,10388.889937743446,9611.110062256554,9435.168400213122,10677.797753374709,9900.017877887816,-230.14028056112224,0.0,8100.168400213122,9195.168400213122,9435.168400213122,9905.168400213122,,,63.55971943887775,0.0,293.68004510396526,-3041.9766864878297,-2766.509719177791,9342.797753374709,10437.797753374709,10677.797753374709,11147.797753374709,,,-2748.27668648783,-2766.509719177791,293.68004510396526,-1282.0071797906883,3801.7858995878737,8565.017877887816,9660.017877887816,9900.017877887816,10370.017877887816,,,-988.3071797906882,3801.7858995878737,293.68004510396526
run_20260325_143644,Analysis_C_Data/Trajectories/traj_run_20260325_143644_L6800_H2000_Thneg15.npz,2.25367986169616,-15.0,2.253679861696162,-15.000000000000046,1.7763568394002505e-15,4.618527782440651e-14,9219.037320676776,10355.739142713957,9644.260857286043,9605.560366768961,10742.262188806142,10030.783903378227,-272.4649298597194,0.0,7980.560366768961,9285.560366768961,9605.560366768961,10215.560366768961,,,85.0350701402806,0.0,362.21926760843786,-3084.3013357864265,-2766.509719177791,9117.262188806142,10422.262188806142,10742.262188806142,11352.262188806142,,,-2726.8013357864265,-2766.509719177791,362.2192676084379,-1324.3318290892855,3801.7858995878737,8405.783903378227,9710.783903378227,10030.783903378227,10640.783903378227,,,-966.8318290892855,3801.7858995878737,362.2192676084379
run_20260325_143646,Analysis_C_Data/Trajectories/traj_run_20260325_143646_L6800_H2000_Thneg15.npz,2.2905538878329925,-15.0,2.2905538878329947,-15.000000000000009,2.220446049250313e-15,8.881784197001252e-15,9230.507792746233,10350.514186376671,9649.485813623329,9453.934646453648,10573.941040084086,9872.912667330744,-283.0460921843687,0.0,7943.934646453648,9268.934646453648,9453.934646453648,9843.934646453648,,,49.15390781563127,0.0,322.8917278731349,-3094.882498111076,-2766.509719177791,9063.941040084086,10388.941040084086,10573.941040084086,10963.941040084086,,,-2762.6824981110763,-2766.509719177791,322.8917278731349,-1334.9129914139348,3801.7858995878737,8362.912667330744,9687.912667330744,9872.912667330744,10262.912667330744,,,-1002.7129914139348,3801.7858995878737,322.891727873135
run_20260325_143647,Analysis_C_Data/Trajectories/traj_run_20260325_143647_L6800_H2000_Thneg15.npz,2.6464015189039114,-15.0,2.6464015189039207,-15.00000000000005,9.325873406851315e-15,4.973799150320701e-14,9326.035923495861,10306.999821045682,9693.000178954318,9628.510873395662,10609.47477094548,9995.475128854117,-277.75551102204406,0.0,8063.510873395661,9378.510873395662,9628.510873395662,10103.510873395662,,,66.54448897795595,0.0,321.8459674980654,-3089.5919169487515,-2766.509719177791,9044.47477094548,10359.47477094548,10609.47477094548,11084.47477094548,,,-2745.2919169487513,-2766.509719177791,321.84596749806536,-1329.6224102516103,3801.7858995878737,8430.475128854117,9745.475128854117,9995.475128854117,10470.475128854117,,,-985.3224102516103,3801.7858995878737,321.84596749806536
run_20260325_143649,Analysis_C_Data/Trajectories/traj_run_20260325_143649_L6800_H2000_Thneg15.npz,1.8402822433424935,-15.0,1.8402822433424928,-14.999999999999986,6.661338147750939e-16,1.4210854715202004e-14,9062.336406178989,10427.118544651887,9572.881455348113,9478.148029425482,10842.93016789838,9988.693078594606,-240.72144288577155,0.0,7968.148029425482,9133.148029425482,9478.148029425482,10103.148029425482,,,91.47855711422844,0.0,316.03320724434786,-3052.557848812479,-2766.509719177791,9332.93016789838,10497.93016789838,10842.93016789838,11467.93016789838,,,-2720.357848812479,-2766.509719177791,316.03320724434775,-1292.5883421153376,3801.7858995878737,8478.693078594606,9643.693078594606,9988.693078594606,10613.693078594606,,,-960.3883421153375,3801.7858995878737,316.0332072443478
run_20260325_143650,Analysis_C_Data/Trajectories/traj_run_20260325_143650_L6800_H2000_Thneg15.npz,2.7332026118135975,-15.0,2.733202611813597,-15.00000000000004,4.440892098500626e-16,4.085620730620576e-14,9345.845203830508,10297.976423909555,9702.023576090445,9536.055624672192,10488.186844751239,9892.23399693213,-306.8537074148296,0.0,7951.055624672192,9381.055624672192,9536.055624672192,9866.055624672192,,,41.846292585170374,0.0,329.2605247411574,-3118.6901133415367,-2766.509719177791,8903.186844751239,10333.186844751239,10488.186844751239,10818.186844751239,,,-2769.990113341537,-2766.509719177791,329.2605247411574,-1358.7206066443957,3801.7858995878737,8307.23399693213,9737.23399693213,9892.23399693213,10222.23399693213,,,-1010.0206066443957,3801.7858995878737,329.2605247411574
run_20260325_143651,Analysis_C_Data/Trajectories/traj_run_20260325_143651_L6800_H2000_Thneg15.npz,2.401537891205096,-15.0,2.401537891205095,-14.999999999999998,1.3322676295501878e-15,1.7763568394002505e-15,9263.084596618177,10335.675008284565,9664.324991715435,9513.535498421785,10586.125910088173,9914.775893519043,-280.40080160320645,0.0,7988.535498421784,9303.535498421785,9513.535498421785,9878.535498421785,,,55.099198396793554,0.0,349.81409919228395,-3092.2372075299136,-2766.509719177791,9061.125910088173,10376.125910088173,10586.125910088173,10951.125910088173,,,-2756.7372075299136,-2766.509719177791,349.81409919228395,-1332.2677008327726,3801.7858995878737,8389.775893519043,9704.775893519043,9914.775893519043,10279.775893519043,,,-996.7677008327726,3801.7858995878737,349.81409919228395
run_20260325_143653,Analysis_C_Data/Trajectories/traj_run_20260325_143653_L6800_H2000_Thneg15.npz,2.0642715325165155,-15.0,2.0642715325165146,-15.000000000000018,8.881784197001252e-16,1.7763568394002505e-14,9154.281080388953,10385.236492606953,9614.763507393047,9575.092703635446,10806.048115853446,10035.57513063954,-240.72144288577155,0.0,8060.092703635446,9225.092703635446,9575.092703635446,10200.092703635446,,,92.57855711422846,0.0,284.46277104541434,-3052.557848812479,-2766.509719177791,9291.048115853446,10456.048115853446,10806.048115853446,11431.048115853446,,,-2719.2578488124786,-2766.509719177791,284.46277104541434,-1292.5883421153376,3801.7858995878737,8520.57513063954,9685.57513063954,10035.57513063954,10660.57513063954,,,-959.2883421153376,3801.7858995878737,284.46277104541434
run_20260325_143654,Analysis_C_Data/Trajectories/traj_run_20260325_143654_L6800_H2000_Thneg15.npz,2.1945593704698383,-15.0,2.1945593704698405,-14.999999999999998,2.220446049250313e-15,1.7763568394002505e-15,9199.915447843296,10364.44941636591,9635.55058363409,9551.43849393548,10715.972462458094,9987.073629726276,-272.4649298597194,0.0,7961.43849393548,9256.43849393548,9551.43849393548,10061.43849393548,,,77.3350701402806,0.0,311.7249259125499,-3084.3013357864265,-2766.509719177791,9125.972462458094,10420.972462458094,10715.972462458094,11225.972462458094,,,-2734.5013357864264,-2766.509719177791,311.7249259125499,-1324.3318290892855,3801.7858995878737,8397.073629726276,9692.073629726276,9987.073629726276,10497.073629726276,,,-974.5318290892856,3801.7858995878737,311.7249259125499
run_20260325_143655,Analysis_C_Data/Trajectories/traj_run_20260325_143655_L6800_H2000_Thneg15.npz,2.4073989687675343,-15.0,2.4073989687675352,-14.999999999999977,8.881784197001252e-16,2.3092638912203256e-14,9264.728472705334,10334.926200325546,9665.073799674454,9553.516047855635,10623.713775475848,9953.861374824755,-243.36673346693385,0.0,8158.5160478556345,9313.516047855635,9553.516047855635,10033.516047855635,,,63.533266533066126,0.0,307.5306622207325,-3055.2031393936413,-2766.509719177791,9228.713775475848,10383.713775475848,10623.713775475848,11103.713775475848,,,-2748.3031393936412,-2766.509719177791,307.53066222073255,-1295.2336326965,3801.7858995878737,8558.861374824755,9713.861374824755,9953.861374824755,10433.861374824755,,,-988.3336326965001,3801.7858995878737,307.53066222073255
run_20260325_143657,Analysis_C_Data/Trajectories/traj_run_20260325_143657_L6800_H2000_Thneg15.npz,2.1963275881476365,-15.0,2.1963275881476347,-14.999999999999954,1.7763568394002505e-15,4.618527782440651e-14,9200.500932880917,10364.182719952789,9635.817280047211,9556.432796608373,10720.114583680244,9991.749143774667,-227.49498997995988,0.0,8166.432796608373,9261.432796608373,9556.432796608373,10161.432796608373,,,78.30501002004013,0.0,269.50997778986124,-3039.3313959066672,-2766.509719177791,9330.114583680244,10425.114583680244,10720.114583680244,11325.114583680244,,,-2733.531395906667,-2766.509719177791,269.50997778986124,-1279.361889209526,3801.7858995878737,8601.749143774667,9696.749143774667,9991.749143774667,10596.749143774667,,,-973.561889209526,3801.7858995878737,269.50997778986124
run_20260325_143658,Analysis_C_Data/Trajectories/traj_run_20260325_143658_L6800_H2000_Thneg15.npz,2.438141603764189,-15.0,2.438141603764191,-15.000000000000025,1.7763568394002505e-15,2.4868995751603507e-14,9273.232227416913,10331.052624172627,9668.947375827373,9556.18813924056,10614.008535996274,9951.90328765102,-224.84969939879758,0.0,8251.18813924056,9321.18813924056,9556.18813924056,9976.18813924056,,,62.25030060120244,0.0,306.91845566867187,-3036.6861053255047,-2766.509719177791,9309.008535996274,10379.008535996274,10614.008535996274,11034.008535996274,,,-2749.586105325505,-2766.509719177791,306.91845566867187,-1276.7165986283637,3801.7858995878737,8646.90328765102,9716.90328765102,9951.90328765102,10371.90328765102,,,-989.6165986283637,3801.7858995878737,306.91845566867187
run_20260325_143659,Analysis_C_Data/Trajectories/traj_run_20260325_143659_L6800_H2000_Thneg15.npz,1.852170732931179,-15.0,1.8521707329311787,-14.999999999999996,2.220446049250313e-16,3.552713678800501e-15,9067.715984075576,10424.668073611769,9575.331926388231,9432.695943995415,10789.648033531608,9940.31188630807,-222.20440881763525,0.0,8057.695943995415,9132.695943995415,9432.695943995415,10032.695943995415,,,80.29559118236475,0.0,268.151254098104,-3034.0408147443427,-2766.509719177791,9414.648033531608,10489.648033531608,10789.648033531608,11389.648033531608,,,-2731.5408147443427,-2766.509719177791,268.15125409810406,-1274.0713080472015,3801.7858995878737,8565.31188630807,9640.31188630807,9940.31188630807,10540.31188630807,,,-971.5713080472015,3801.7858995878737,268.151254098104
run_20260325_143701,Analysis_C_Data/Trajectories/traj_run_20260325_143701_L6800_H2000_Thneg15.npz,2.3411289873079286,-15.0,2.341128987307927,-14.999999999999982,1.7763568394002505e-15,1.7763568394002505e-14,9245.703101190245,10343.592516311935,9656.407483688065,9499.961618224313,10597.851033346004,9910.666000722133,-301.56312625250496,0.0,7874.9616182243135,9284.961618224313,9499.961618224313,9874.961618224313,,,55.93687374749504,0.0,368.0651440560567,-3113.399532179212,-2766.509719177791,8972.851033346004,10382.851033346004,10597.851033346004,10972.851033346004,,,-2755.899532179212,-2766.509719177791,368.0651440560566,-1353.430025482071,3801.7858995878737,8285.666000722133,9695.666000722133,9910.666000722133,10285.666000722133,,,-995.930025482071,3801.7858995878737,368.0651440560567
run_20260325_143702,Analysis_C_Data/Trajectories/traj_run_20260325_143702_L6800_H2000_Thneg15.npz,2.130840536806256,-15.0,2.1308405368062564,-15.000000000000014,4.440892098500626e-16,1.4210854715202004e-14,9178.229393984051,10374.327709417534,9625.672290582466,9541.546027250584,10737.644342684067,9988.988923849,-185.17034068136272,0.0,8336.546027250584,9241.546027250584,9541.546027250584,10126.546027250584,,,79.9296593186373,0.0,230.05334615323815,-2997.00674660807,-2766.509719177791,9532.644342684067,10437.644342684067,10737.644342684067,11322.644342684067,,,-2731.90674660807,-2766.509719177791,230.05334615323818,-1237.0372399109287,3801.7858995878737,8783.988923849,9688.988923849,9988.988923849,10573.988923849,,,-971.9372399109287,3801.7858995878737,230.05334615323815
run_20260325_143703,Analysis_C_Data/Trajectories/traj_run_20260325_143703_L6800_H2000_Thneg15.npz,2.1285504594008455,-15.0,2.1285504594008406,-14.999999999999986,4.884981308350689e-15,1.4210854715202004e-14,9177.428083418321,10374.69271729979,9625.30728270021,9541.21565856862,10738.480292450091,9989.094857850512,-243.36673346693385,0.0,8071.215658568622,9241.21565856862,9541.21565856862,10116.21565856862,,,80.03326653306613,0.0,334.0595459924019,-3055.2031393936413,-2766.509719177791,9268.480292450091,10438.480292450091,10738.480292450091,11313.480292450091,,,-2731.8031393936412,-2766.509719177791,334.05954599240187,-1295.2336326965,3801.7858995878737,8519.094857850512,9689.094857850512,9989.094857850512,10564.094857850512,,,-971.8336326965001,3801.7858995878737,334.05954599240187
run_20260325_143705,Analysis_C_Data/Trajectories/traj_run_20260325_143705_L6800_H2000_Thneg15.npz,2.695745612293541,-15.0,2.6957456122935395,-14.99999999999999,1.3322676295501878e-15,1.0658141036401503e-14,9337.441632619475,10301.804365112761,9698.195634887239,9600.86848632689,10565.231218820176,9961.622488594654,-283.0460921843687,0.0,8050.86848632689,9385.86848632689,9600.86848632689,10040.86848632689,,,57.95390781563128,0.0,349.2987746288705,-3094.882498111076,-2766.509719177791,9015.231218820176,10350.231218820176,10565.231218820176,11005.231218820176,,,-2753.882498111076,-2766.509719177791,349.2987746288705,-1334.9129914139348,3801.7858995878737,8411.622488594654,9746.622488594654,9961.622488594654,10401.622488594654,,,-993.9129914139348,3801.7858995878737,349.2987746288705
run_20260325_143706,Analysis_C_Data/Trajectories/traj_run_20260325_143706_L6800_H2000_Thneg15.npz,2.5617869646508264,-15.0,2.5617869646508273,-15.00000000000003,8.881784197001252e-16,3.019806626980426e-14,9305.535730403919,10316.337938357918,9683.662061642082,9613.13092078468,10623.93312873868,9991.257252022844,-264.5290581162325,0.0,8103.130920784681,9353.13092078468,9613.13092078468,10063.13092078468,,,67.67094188376751,0.0,343.0322205688979,-3076.36546404294,-2766.509719177791,9113.93312873868,10363.93312873868,10623.93312873868,11073.93312873868,,,-2744.16546404294,-2766.509719177791,343.03222056889797,-1316.3959573457987,3801.7858995878737,8481.257252022844,9731.257252022844,9991.257252022844,10441.257252022844,,,-984.1959573457987,3801.7858995878737,343.03222056889797
run_20260325_143707,Analysis_C_Data/Trajectories/traj_run_20260325_143707_L6800_H2000_Thneg15.npz,2.5679862292655837,-15.0,2.567986229265587,-14.999999999999993,3.1086244689504383e-15,7.105427357601002e-15,9307.079915854883,10315.634540842182,9684.365459157818,9509.194144311798,10517.748769299096,9886.479687614732,-317.4348697394789,0.0,7864.194144311798,9344.194144311798,9509.194144311798,9854.194144311798,,,44.46513026052105,0.0,348.54097409134306,-3129.2712756661863,-2766.509719177791,8872.748769299096,10352.748769299096,10517.748769299096,10862.748769299096,,,-2767.371275666186,-2766.509719177791,348.5409740913431,-1369.301768969045,3801.7858995878737,8241.479687614732,9721.479687614732,9886.479687614732,10231.479687614732,,,-1007.4017689690451,3801.7858995878737,348.54097409134306
run_20260325_143709,Analysis_C_Data/Trajectories/traj_run_20260325_143709_L6800_H2000_Thneg15.npz,2.221296010853003,-15.0,2.2212960108530098,-15.000000000000059,6.661338147750939e-15,5.861977570020827e-14,9208.67783177873,10360.458031077149,9639.541968922851,9600.561599313802,10752.341798612219,10031.42573645792,-232.78557114228454,0.0,8150.561599313801,9270.561599313802,9600.561599313802,10175.561599313802,,,86.21442885771546,0.0,322.34137072118,-3044.621977068992,-2766.509719177791,9302.341798612219,10422.341798612219,10752.341798612219,11327.341798612219,,,-2725.621977068992,-2766.509719177791,322.34137072118006,-1284.6524703718505,3801.7858995878737,8581.42573645792,9701.42573645792,10031.42573645792,10606.42573645792,,,-965.6524703718505,3801.7858995878737,322.34137072117994
run_20260325_143710,Analysis_C_Data/Trajectories/traj_run_20260325_143710_L6800_H2000_Thneg15.npz,2.566180786346851,-15.0,2.5661807863468504,-15.000000000000009,4.440892098500626e-16,8.881784197001252e-15,9306.630904195159,10315.839071771929,9684.160928228071,9618.033709806381,10627.24187738315,9995.563733839293,-285.69138276553105,0.0,8008.033709806381,9358.033709806381,9618.033709806381,10118.033709806381,,,68.50861723446894,0.0,362.49541491950424,-3097.5277886922386,-2766.509719177791,9017.24187738315,10367.24187738315,10627.24187738315,11127.24187738315,,,-2743.3277886922388,-2766.509719177791,362.4954149195042,-1337.558281995097,3801.7858995878737,8385.563733839293,9735.563733839293,9995.563733839293,10495.563733839293,,,-983.3582819950971,3801.7858995878737,362.4954149195041
run_20260325_143712,Analysis_C_Data/Trajectories/traj_run_20260325_143712_L6800_H2000_Thneg15.npz,2.6635993840204475,-15.0,2.663599384020445,-14.999999999999973,2.6645352591003757e-15,2.6645352591003757e-14,9330.055463569748,10305.168865767218,9694.831134232782,9628.001355353315,10603.114757550786,9992.777026016349,-335.9519038076152,0.0,7803.001355353315,9378.001355353315,9628.001355353315,10063.001355353315,,,65.54809619238478,0.0,380.80184062430936,-3147.7883097343224,-2766.509719177791,8778.114757550786,10353.114757550786,10603.114757550786,11038.114757550786,,,-2746.2883097343224,-2766.509719177791,380.8018406243095,-1387.8188030371814,3801.7858995878737,8167.777026016349,9742.777026016349,9992.777026016349,10427.777026016349,,,-986.3188030371814,3801.7858995878737,380.80184062430936
run_20260325_143713,Analysis_C_Data/Trajectories/traj_run_20260325_143713_L6800_H2000_Thneg15.npz,2.3060408962863863,-15.0,2.306040896286389,-15.000000000000034,2.6645352591003757e-15,3.375077994860476e-14,9235.225504298756,10348.365204475615,9651.634795524385,9615.085223737635,10728.224923914491,10031.494514963262,-235.43086172344692,0.0,8165.085223737634,9295.085223737635,9615.085223737635,10175.085223737635,,,83.56913827655308,0.0,279.4530037601149,-3047.2672676501543,-2766.509719177791,9278.224923914491,10408.224923914491,10728.224923914491,11288.224923914491,,,-2728.2672676501543,-2766.509719177791,279.4530037601149,-1287.297760953013,3801.7858995878737,8581.494514963262,9711.494514963262,10031.494514963262,10591.494514963262,,,-968.297760953013,3801.7858995878737,279.4530037601149
run_20260325_143714,Analysis_C_Data/Trajectories/traj_run_20260325_143714_L6800_H2000_Thneg15.npz,2.487848287058558,-15.0,2.4878482870585596,-15.000000000000025,1.7763568394002505e-15,2.4868995751603507e-14,9286.57315780544,10324.975648582022,9675.024351417978,9528.687386262354,10567.089877038936,9917.138579874892,-317.4348697394789,0.0,7843.687386262354,9328.687386262354,9528.687386262354,9913.687386262354,,,53.26513026052106,0.0,359.42859265241276,-3129.2712756661863,-2766.509719177791,8882.089877038936,10367.089877038936,10567.089877038936,10952.089877038936,,,-2758.5712756661865,-2766.509719177791,359.42859265241276,-1369.301768969045,3801.7858995878737,8232.138579874892,9717.138579874892,9917.138579874892,10302.138579874892,,,-998.601768969045,3801.7858995878737,359.42859265241276
run_20260325_143716,Analysis_C_Data/Trajectories/traj_run_20260325_143716_L6800_H2000_Thneg15.npz,2.6942273681231277,-15.0,2.6942273681231326,-15.000000000000012,4.884981308350689e-15,1.2434497875801753e-14,9337.096455235638,10301.961598114876,9698.038401885124,9595.403068462092,10560.268211341328,9956.345015111576,-296.27254509018036,0.0,7990.403068462091,9380.403068462092,9595.403068462092,10000.403068462092,,,56.827454909819664,0.0,348.4077832874319,-3108.1089510168877,-2766.509719177791,8955.268211341328,10345.268211341328,10560.268211341328,10965.268211341328,,,-2755.0089510168877,-2766.509719177791,348.407783287432,-1348.1394443197464,3801.7858995878737,8351.345015111576,9741.345015111576,9956.345015111576,10361.345015111576,,,-995.0394443197464,3801.7858995878737,348.40778328743204
run_20260325_143717,Analysis_C_Data/Trajectories/traj_run_20260325_143717_L6800_H2000_Thneg15.npz,2.5461361543235377,-15.0,2.5461361543235275,-14.999999999999948,1.021405182655144e-14,5.1514348342607263e-14,9301.606448562336,10318.127779781604,9681.872220218396,9577.297831327865,10593.819162547135,9957.563602983928,-253.9478957915832,0.0,8147.297831327866,9347.297831327865,9577.297831327865,9992.297831327865,,,60.65210420841683,0.0,303.2679706034702,-3065.7843017182904,-2766.509719177791,9163.819162547135,10363.819162547135,10593.819162547135,11008.819162547135,,,-2751.1843017182905,-2766.509719177791,303.26797060347025,-1305.8147950211494,3801.7858995878737,8527.563602983928,9727.563602983928,9957.563602983928,10372.563602983928,,,-991.2147950211494,3801.7858995878737,303.26797060347025
run_20260325_143719,Analysis_C_Data/Trajectories/traj_run_20260325_143719_L6800_H2000_Thneg15.npz,2.6477756191547988,-15.0,2.647775619154805,-14.999999999999996,6.217248937900877e-15,3.552713678800501e-15,9326.358854690487,10306.852721485902,9693.147278514098,9663.593323628364,10644.087190423777,10030.381747451973,-304.20841683366734,0.0,7943.593323628363,9383.593323628364,9663.593323628364,10203.593323628364,,,74.19158316633263,0.0,344.22334077190004,-3116.0448227603747,-2766.509719177791,8924.087190423777,10364.087190423777,10644.087190423777,11184.087190423777,,,-2737.6448227603746,-2766.509719177791,344.22334077190004,-1356.0753160632335,3801.7858995878737,8310.381747451973,9750.381747451973,10030.381747451973,10570.381747451973,,,-977.6753160632335,3801.7858995878737,344.22334077190004
run_20260325_143720,Analysis_C_Data/Trajectories/traj_run_20260325_143720_L6800_H2000_Thneg15.npz,2.629563296143532,-15.0,2.629563296143534,-15.00000000000004,1.7763568394002505e-15,4.085620730620576e-14,9322.05343352344,10308.81389949804,9691.18610050196,9588.095517691778,10574.855983666377,9957.228184670297,-325.3707414829659,0.0,7843.095517691778,9368.095517691778,9588.095517691778,10038.095517691778,,,58.529258517034066,0.0,383.87073705660345,-3137.2071474096733,-2766.509719177791,8829.855983666377,10354.855983666377,10574.855983666377,11024.855983666377,,,-2753.3071474096732,-2766.509719177791,383.8707370566035,-1377.237640712532,3801.7858995878737,8212.228184670297,9737.228184670297,9957.228184670297,10407.228184670297,,,-993.3376407125321,3801.7858995878737,383.87073705660345
run_20260325_143721,Analysis_C_Data/Trajectories/traj_run_20260325_143721_L6800_H2000_Thneg15.npz,2.7204364545540356,-15.0,2.720436454554031,-14.999999999999993,4.440892098500626e-15,7.105427357601002e-15,9343.005134633615,10299.270114130739,9700.729885869261,9638.456036437223,10594.721015934347,9996.180787672869,-280.40080160320645,0.0,8068.456036437222,9393.456036437223,9638.456036437223,10123.456036437223,,,64.99919839679353,0.0,349.0289991828654,-3092.2372075299136,-2766.509719177791,9024.721015934347,10349.721015934347,10594.721015934347,11079.721015934347,,,-2746.8372075299135,-2766.509719177791,349.0289991828654,-1332.2677008327726,3801.7858995878737,8426.180787672869,9751.180787672869,9996.180787672869,10481.180787672869,,,-986.8677008327726,3801.7858995878737,349.0289991828655
run_20260325_143723,Analysis_C_Data/Trajectories/traj_run_20260325_143723_L6800_H2000_Thneg15.npz,2.248884192346641,-15.0,2.2488841923466394,-14.999999999999952,1.7763568394002505e-15,4.796163466380676e-14,9217.520344386045,10356.43014608642,9643.56985391358,9564.875053804883,10703.784855505259,9990.924563332417,-290.9819639278557,0.0,7894.875053804883,9274.875053804883,9564.875053804883,10064.875053804883,,,76.41803607214428,0.0,335.4962754503786,-3102.818369854563,-2766.509719177791,9033.784855505259,10413.784855505259,10703.784855505259,11203.784855505259,,,-2735.418369854563,-2766.509719177791,335.49627545037873,-1342.8488631574219,3801.7858995878737,8320.924563332417,9700.924563332417,9990.924563332417,10490.924563332417,,,-975.4488631574219,3801.7858995878737,335.4962754503786
run_20260325_143724,Analysis_C_Data/Trajectories/traj_run_20260325_143724_L6800_H2000_Thneg15.npz,2.2241069305402257,-15.0,2.224106930540223,-14.999999999999964,2.6645352591003757e-15,3.552713678800501e-14,9209.58791596277,10360.04347532948,9639.95652467052,9517.183106343531,10667.638665710241,9947.551715051282,-264.5290581162325,0.0,8007.183106343531,9257.183106343531,9517.183106343531,9952.183106343531,,,67.67094188376751,0.0,345.3898181449864,-3076.36546404294,-2766.509719177791,9157.638665710241,10407.638665710241,10667.638665710241,11102.638665710241,,,-2744.16546404294,-2766.509719177791,345.38981814498646,-1316.3959573457987,3801.7858995878737,8437.551715051282,9687.551715051282,9947.551715051282,10382.551715051282,,,-984.1959573457987,3801.7858995878737,345.38981814498646
run_20260325_143726,Analysis_C_Data/Trajectories/traj_run_20260325_143726_L6800_H2000_Thneg15.npz,1.8059313626171678,-15.0,1.8059313626171727,-15.000000000000034,4.884981308350689e-15,3.375077994860476e-14,9046.437757850541,10434.36059561849,9565.63940438151,9521.29747728942,10909.220315057366,10040.499123820387,-235.43086172344692,0.0,7976.297477289419,9126.29747728942,9521.29747728942,10246.29747728942,,,104.46913827655305,0.0,294.55117162226696,-3047.2672676501543,-2766.509719177791,9364.220315057366,10514.220315057366,10909.220315057366,11634.220315057366,,,-2707.367267650154,-2766.509719177791,294.55117162226696,-1287.297760953013,3801.7858995878737,8495.499123820387,9645.499123820387,10040.499123820387,10765.499123820387,,,-947.3977609530131,3801.7858995878737,294.55117162226696
run_20260325_143727,Analysis_C_Data/Trajectories/traj_run_20260325_143727_L6800_H2000_Thneg15.npz,2.3137312863961492,-15.0,2.313731286396141,-14.999999999999938,8.43769498715119e-15,6.217248937900877e-14,9237.546750537265,10347.307845182042,9652.692154817958,9536.093844725641,10645.85493937042,9951.239249006336,-269.8196392785571,0.0,8011.093844725642,9286.093844725641,9536.093844725641,9986.093844725641,,,65.68036072144292,0.0,336.90118015890727,-3081.6560452052645,-2766.509719177791,9120.85493937042,10395.85493937042,10645.85493937042,11095.85493937042,,,-2746.1560452052645,-2766.509719177791,336.9011801589073,-1321.6865385081232,3801.7858995878737,8426.239249006336,9701.239249006336,9951.239249006336,10401.239249006336,,,-986.1865385081232,3801.7858995878737,336.9011801589073
run_20260325_143728,Analysis_C_Data/Trajectories/traj_run_20260325_143728_L6800_H2000_Thneg15.npz,2.464341575181458,-15.0,2.4643415751814564,-14.999999999999957,1.7763568394002505e-15,4.263256414560601e-14,9280.325696834037,10327.821452189475,9672.178547810525,9565.065175791953,10612.56093114739,9956.91802676844,-248.6573146292585,0.0,8150.065175791953,9330.065175791953,9565.065175791953,10025.065175791953,,,62.6426853707415,0.0,336.0726006100244,-3060.493720555966,-2766.509719177791,9197.56093114739,10377.56093114739,10612.56093114739,11072.56093114739,,,-2749.1937205559657,-2766.509719177791,336.0726006100244,-1300.5242138588246,3801.7858995878737,8541.91802676844,9721.91802676844,9956.91802676844,10416.91802676844,,,-989.2242138588247,3801.7858995878737,336.07260061002427
run_20260325_143730,Analysis_C_Data/Trajectories/traj_run_20260325_143730_L6800_H2000_Thneg15.npz,2.080163966087881,-15.0,2.0801639660878832,-14.999999999999977,2.220446049250313e-15,2.3092638912203256e-14,9160.124373279428,10382.574793068012,9617.425206931988,9574.152429391652,10796.602849180235,10031.453263044212,-216.91382765531063,0.0,8174.152429391653,9229.152429391652,9574.152429391652,10204.152429391652,,,91.08617234468937,0.0,293.5163924129162,-3028.750233582018,-2766.509719177791,9396.602849180235,10451.602849180235,10796.602849180235,11426.602849180235,,,-2720.750233582018,-2766.509719177791,293.5163924129162,-1268.7807268848767,3801.7858995878737,8631.453263044212,9686.453263044212,10031.453263044212,10661.453263044212,,,-960.7807268848767,3801.7858995878737,293.5163924129162
run_20260325_143731,Analysis_C_Data/Trajectories/traj_run_20260325_143731_L6800_H2000_Thneg15.npz,2.767826166392508,-15.0,2.7678261663925072,-14.999999999999957,8.881784197001252e-16,4.263256414560601e-14,9353.425686437893,10294.523410781645,9705.476589218355,9537.684203471961,10478.781927815713,9889.735106252423,-301.56312625250496,0.0,7982.684203471961,9382.684203471961,9537.684203471961,9842.684203471961,,,40.536873747495065,0.0,317.6672555796648,-3113.399532179212,-2766.509719177791,8923.781927815713,10323.781927815713,10478.781927815713,10783.781927815713,,,-2771.2995321792123,-2766.509719177791,317.66725557966487,-1353.430025482071,3801.7858995878737,8334.735106252423,9734.735106252423,9889.735106252423,10194.735106252423,,,-1011.3300254820709,3801.7858995878737,317.6672555796648
run_20260325_143732,Analysis_C_Data/Trajectories/traj_run_20260325_143732_L6800_H2000_Thneg15.npz,2.6314627110935076,-15.0,2.6314627110935054,-14.99999999999997,2.220446049250313e-15,3.019806626980426e-14,9322.505026959552,10308.608192533966,9691.391807466034,9517.595207320273,10503.698372894687,9886.481987826755,-320.0801603206413,0.0,7867.595207320273,9357.595207320273,9517.595207320273,9822.595207320273,,,42.91983967935869,0.0,382.44820604482663,-3131.916566247349,-2766.509719177791,8853.698372894687,10343.698372894687,10503.698372894687,10808.698372894687,,,-2768.916566247349,-2766.509719177791,382.4482060448266,-1371.9470595502075,3801.7858995878737,8236.481987826755,9726.481987826755,9886.481987826755,10191.481987826755,,,-1008.9470595502075,3801.7858995878737,382.44820604482663
run_20260325_143734,Analysis_C_Data/Trajectories/traj_run_20260325_143734_L6800_H2000_Thneg15.npz,1.9608995252299328,-15.0,1.9608995252299317,-15.000000000000012,1.1102230246251565e-15,1.2434497875801753e-14,9114.195023553659,10403.496237753454,9596.503762246546,9366.910454415382,10656.211668615177,9849.219193108269,-251.30260521042084,0.0,7971.910454415382,9156.910454415382,9366.910454415382,9746.910454415382,,,55.59739478957914,0.0,286.443989356349,-3063.1390111371284,-2766.509719177791,9261.211668615177,10446.211668615177,10656.211668615177,11036.211668615177,,,-2756.2390111371283,-2766.509719177791,286.44398935634905,-1303.169504439987,3801.7858995878737,8454.219193108269,9639.219193108269,9849.219193108269,10229.219193108269,,,-996.2695044399869,3801.7858995878737,286.44398935634905
