wave_id,strategy,strategy_label,true_h0,calc_h0,abs_error,rel_error,z_star,w_star,a_true,z_at_t0,z_t0_minus_zstar,v_rel,duration,dh_raw,integral_start_time,integral_end_time
Ideal_000,A,A_Pre_Positioned_Zstar,85.62855541825787,85.58484021439102,0.0437152038668529,0.05105213284671607,500.0,1.0,85.62855541825787,585.5849062949206,85.58490629492064,2.1726304690891407,2393.0,85.58484021439102,0.0,2393.0
Ideal_000,B1,B1_T0_Zstar,85.62855541825787,82.95684711240143,2.6717083058564413,3.120113720015852,500.0,1.0,85.62855541825787,500.0,0.0,2.392630469089141,2173.0,75.32904724923402,0.0,2173.0
Ideal_000,B2,B2_T0_Zstar_Plus_Atrue,85.62855541825787,85.57594973594522,0.052605682312659496,0.06143474224889565,500.0,1.0,85.62855541825787,585.6285554182579,85.62855541825786,2.392630469089141,2173.0,77.70732598266034,0.0,2173.0
Ideal_000,B3,B3_Early_Zstar_Then_Drift,85.62855541825787,85.02745655487423,0.6010988633836405,0.7019841225249411,500.0,1.0,85.62855541825787,544.7922346654765,44.792234665476485,2.392630469089141,2173.0,77.20926620590923,0.0,2173.0
Ideal_001,A,A_Pre_Positioned_Zstar,124.11812426095729,124.01087006946686,0.10725419149042636,0.08641299739990056,500.0,1.0,124.11812426095729,624.0112603762553,124.01126037625534,1.9221315661326892,2704.0,124.01087006946686,0.8113372002162578,2704.8113372002163
Ideal_001,B1,B1_T0_Zstar,124.11812426095729,116.61616085567229,7.501963405284997,6.044212680423838,500.0,1.0,124.11812426095729,500.0,0.0,2.142131566132689,2427.0,104.63951301859974,0.0,2427.0
Ideal_001,B2,B2_T0_Zstar_Plus_Atrue,124.11812426095729,123.97737756667122,0.14074669428606512,0.11339737457693641,500.0,1.0,124.11812426095729,624.1181242609573,124.1181242609573,2.142131566132689,2427.0,111.2447221612384,0.0,2427.0
Ideal_001,B3,B3_Early_Zstar_Then_Drift,124.11812426095729,122.33194191575916,1.786182345198128,1.4390987261801467,500.0,1.0,124.11812426095729,563.6459729075053,63.645972907505325,2.142131566132689,2427.0,109.76827512378213,0.0,2427.0
Ideal_002,A,A_Pre_Positioned_Zstar,141.5149124111351,141.48885341079583,0.026059000339273553,0.01841431400781696,500.0,1.0,141.5149124111351,641.4888684841412,141.48886848414122,2.194484230218463,2369.0,141.48885341079583,0.0,2369.0
Ideal_002,B1,B1_T0_Zstar,141.5149124111351,130.80215662017514,10.71275579095996,7.570054355711156,500.0,1.0,141.5149124111351,500.0,0.0,2.4144842302184633,2153.0,118.88388683141994,0.0,2153.0
Ideal_002,B2,B2_T0_Zstar_Plus_Atrue,141.5149124111351,141.44906452225752,0.06584788887758464,0.04653070673306893,500.0,1.0,141.5149124111351,641.5149124111351,141.51491241113513,2.4144842302184633,2153.0,128.56068289382125,0.0,2153.0
Ideal_002,B3,B3_Early_Zstar_Then_Drift,141.5149124111351,139.04128818075773,2.473624230377368,1.7479601182883755,500.0,1.0,141.5149124111351,573.2753818000593,73.27538180005934,2.4144842302184633,2153.0,126.37229535117979,0.0,2153.0
Ideal_003,A,A_Pre_Positioned_Zstar,125.63469496117196,125.5739146316373,0.06078032953466561,0.0483786183055963,500.0,1.0,125.63469496117196,625.5740024107008,125.57400241070081,2.1957745590457964,2368.0,125.5739146316373,0.0,2368.0
Ideal_003,B1,B1_T0_Zstar,125.63469496117196,117.84239641811722,7.792298543054741,6.202346052149839,500.0,1.0,125.63469496117196,500.0,0.0,2.4157745590457966,2152.0,107.11071323397688,0.0,2152.0
Ideal_003,B2,B2_T0_Zstar_Plus_Atrue,125.63469496117196,125.54622284141544,0.08847211975651703,0.07042013337466994,500.0,1.0,125.63469496117196,625.6346949611719,125.63469496117193,2.4157745590457966,2152.0,114.11296681937128,0.0,2152.0
Ideal_003,B3,B3_Early_Zstar_Then_Drift,125.63469496117196,123.84482385134044,1.7898711098315232,1.424663076059278,500.0,1.0,125.63469496117196,565.2853416731027,65.28534167310272,2.4157745590457966,2152.0,112.56651100328365,0.0,2152.0
Ideal_004,A,A_Pre_Positioned_Zstar,143.89710367830577,143.85830166364104,0.03880201466472499,0.026965111647743935,500.0,1.0,143.89710367830577,643.8583439598714,143.85834395987138,2.1175241674265974,2455.0,143.85830166364104,0.0,2455.0
Ideal_004,B1,B1_T0_Zstar,143.89710367830577,132.71038447796198,11.186719200343788,7.774110051132545,500.0,1.0,143.89710367830577,500.0,0.0,2.3375241674265976,2224.0,120.22012448749773,0.0,2224.0
Ideal_004,B2,B2_T0_Zstar_Plus_Atrue,143.89710367830577,143.8138443980886,0.08325928021716322,0.05786028911554498,500.0,1.0,143.89710367830577,643.8971036783057,143.8971036783057,2.3375241674265976,2224.0,130.2785636902056,0.0,2224.0
Ideal_004,B3,B3_Early_Zstar_Then_Drift,143.89710367830577,141.2730580775179,2.6240456007878663,1.8235569262423403,500.0,1.0,143.89710367830577,574.0681731596252,74.06817315962519,2.3375241674265976,2224.0,127.97690772743604,0.0,2224.0
Ideal_005,A,A_Pre_Positioned_Zstar,80.41309439172997,80.36778468184282,0.04530970988714955,0.05634618370289876,500.0,1.0,80.41309439172997,580.3678537346044,80.36785373460441,2.1565307569881496,2411.0,80.36778468184282,0.0,2411.0
Ideal_005,B1,B1_T0_Zstar,80.41309439172997,78.17564730478831,2.237447086941657,2.7824412228709927,500.0,1.0,80.41309439172997,500.0,0.0,2.3765307569881498,2188.0,70.93877803369594,0.0,2188.0
Ideal_005,B2,B2_T0_Zstar_Plus_Atrue,80.41309439172997,80.36035502179459,0.052739369935380864,0.06558554963506641,500.0,1.0,80.41309439172997,580.4130943917299,80.41309439172994,2.3765307569881498,2188.0,72.92124317659369,0.0,2188.0
Ideal_005,B3,B3_Early_Zstar_Then_Drift,80.41309439172997,79.90584877907837,0.5072456126516016,0.6307997677350531,500.0,1.0,80.41309439172997,542.0918403328503,42.091840332850325,2.3765307569881498,2188.0,72.50881144652728,0.0,2188.0
Ideal_006,A,A_Pre_Positioned_Zstar,90.06090853033302,89.7881715152064,0.27273701512662285,0.3028361800666973,500.0,1.0,90.06090853033302,589.7880669321447,89.78806693214472,1.7015372705097032,3055.0,89.7881715152064,0.8887904137768601,3055.888790413777
Ideal_006,B1,B1_T0_Zstar,90.06090853033302,86.82369119337899,3.237217336954032,3.594475549692816,500.0,1.0,90.06090853033302,500.0,0.0,1.9215372705097031,2705.0,76.8831022931821,0.9162053887748698,2705.916205388775
Ideal_006,B2,B2_T0_Zstar_Plus_Atrue,90.06090853033302,89.77229762258861,0.2886109077444132,0.3204619101163158,500.0,1.0,90.06090853033302,590.060908530333,90.060908530333,1.9215372705097031,2705.0,79.4941178651225,0.9162053887748698,2705.916205388775
Ideal_006,B3,B3_Early_Zstar_Then_Drift,90.06090853033302,89.13497936266793,0.9259291676650889,1.0281143981056229,500.0,1.0,90.06090853033302,545.9079119393087,45.90791193930875,1.9215372705097031,2705.0,78.92976723343074,0.9162053887748698,2705.916205388775
Ideal_007,A,A_Pre_Positioned_Zstar,103.54883247779674,103.5093083955452,0.03952408225153192,0.038169510274301544,500.0,1.0,103.54883247779674,603.5093608196374,103.50936081963744,2.0598113270049887,2524.0,103.5093083955452,0.0,2524.0
Ideal_007,B1,B1_T0_Zstar,103.54883247779674,99.01754379990813,4.531288677888611,4.375992050765251,500.0,1.0,103.54883247779674,500.0,0.0,2.279811327004989,2280.0,89.46242869983645,0.0,2280.0
Ideal_007,B2,B2_T0_Zstar_Plus_Atrue,103.54883247779674,103.49193839867553,0.05689407912120714,0.05494420145529554,500.0,1.0,103.54883247779674,603.5488324777967,103.54883247779674,2.279811327004989,2280.0,93.50504773890347,0.0,2280.0
Ideal_007,B3,B3_Early_Zstar_Then_Drift,103.54883247779674,102.5284221907756,1.0204102870211358,0.9854387177566056,500.0,1.0,103.54883247779674,553.7224554234094,53.72245542340943,2.279811327004989,2280.0,92.634510087267,0.0,2280.0
Ideal_008,A,A_Pre_Positioned_Zstar,92.01789823151009,91.79920047213177,0.21869775937831548,0.23766871834878084,500.0,1.0,92.01789823151009,591.7998791658597,91.79987916585969,1.8985013618168014,2738.0,91.79920047213177,0.17802391603436263,2738.1780239160344
Ideal_008,B1,B1_T0_Zstar,92.01789823151009,88.61286417323038,3.4050340582797105,3.700404077599014,500.0,1.0,92.01789823151009,500.0,0.0,2.1185013618168016,2454.0,79.41068452422031,0.47770162535880445,2454.477701625359
Ideal_008,B2,B2_T0_Zstar_Plus_Atrue,92.01789823151009,91.78567785493944,0.23222037657065187,0.25236435631946613,500.0,1.0,92.01789823151009,592.0178982315101,92.01789823151012,2.1185013618168016,2454.0,82.25401103988035,0.47770162535880445,2454.477701625359
Ideal_008,B3,B3_Early_Zstar_Then_Drift,92.01789823151009,91.10468317345992,0.9132150580501701,0.9924319894294802,500.0,1.0,92.01789823151009,547.3998203740986,47.39982037409857,2.1185013618168016,2454.0,81.643735609578,0.47770162535880445,2454.477701625359
Ideal_009,A,A_Pre_Positioned_Zstar,97.2693829600914,97.01713323247849,0.2522497276129201,0.2593310658878298,500.0,1.0,97.2693829600914,597.017287898199,97.01728789819902,2.256478834120598,2304.0,97.01713323247849,0.16535803463284537,2304.165358034633
Ideal_009,B1,B1_T0_Zstar,97.2693829600914,93.2315840195141,4.037798940577304,4.151150976493775,500.0,1.0,97.2693829600914,500.0,0.0,2.476478834120598,2099.0,84.94928085515994,0.0,2099.0
Ideal_009,B2,B2_T0_Zstar_Plus_Atrue,97.2693829600914,97.00473904526895,0.2646439148224573,0.2720731917576139,500.0,1.0,97.2693829600914,597.2693829600914,97.26938296009143,2.476478834120598,2099.0,88.3872446027867,0.0,2099.0
Ideal_009,B3,B3_Early_Zstar_Then_Drift,97.2693829600914,96.20582429988634,1.0635586602050608,1.0934156543806057,500.0,1.0,97.2693829600914,550.9665852397078,50.9665852397078,2.476478834120598,2099.0,87.65930209490621,0.0,2099.0
Ideal_010,A,A_Pre_Positioned_Zstar,148.0300109358451,147.94612654674003,0.08388438910506579,0.056667150515459015,500.0,1.0,148.0300109358451,647.9462459339096,147.9462459339096,2.1980028076679488,2365.0,147.94612654674003,0.0,2365.0
Ideal_010,B1,B1_T0_Zstar,148.0300109358451,135.88714154379164,12.142869392053456,8.202978109159275,500.0,1.0,148.0300109358451,500.0,0.0,2.418002807667949,2150.0,123.52356154924783,0.0,2150.0
Ideal_010,B2,B2_T0_Zstar_Plus_Atrue,148.0300109358451,147.90102602264258,0.12898491320251537,0.0871342995836272,500.0,1.0,148.0300109358451,648.0300109358451,148.0300109358451,2.418002807667949,2150.0,134.44437261355782,0.0,2150.0
Ideal_010,B3,B3_Early_Zstar_Then_Drift,148.0300109358451,145.14004734373577,2.889963592109325,1.952282225637212,500.0,1.0,148.0300109358451,576.3616573370456,76.36165733704559,2.418002807667949,2150.0,131.93459931267344,0.0,2150.0
Ideal_011,A,A_Pre_Positioned_Zstar,89.22358833134886,89.17114708617413,0.05244124517473381,0.05877509093221314,500.0,1.0,89.22358833134886,589.1713482275535,89.1713482275535,1.8856449967426059,2671.0,89.17114708617413,0.42101638719441326,2671.4210163871944
Ideal_011,B1,B1_T0_Zstar,89.22358833134886,86.26158101467405,2.962007316674814,3.3197581178587363,500.0,1.0,89.22358833134886,500.0,0.0,2.105644996742606,2469.0,77.2488804632581,0.0,2469.0
Ideal_011,B2,B2_T0_Zstar_Plus_Atrue,89.22358833134886,89.16928412494394,0.05430420640492173,0.060863060341456644,500.0,1.0,89.22358833134886,589.2235883313489,89.22358833134888,2.105644996742606,2469.0,79.85278369973685,0.0,2469.0
Ideal_011,B3,B3_Early_Zstar_Then_Drift,89.22358833134886,88.54751134893344,0.6760769824154238,0.757733459345619,500.0,1.0,89.22358833134886,545.956761188185,45.956761188185055,2.105644996742606,2469.0,79.29597439617014,0.0,2469.0
Ideal_012,A,A_Pre_Positioned_Zstar,111.12402115878412,111.10338719099678,0.020633967787333063,0.018568413536664025,500.0,1.0,111.12402115878412,611.1034009782163,111.10340097821631,2.300643924676341,2260.0,111.10338719099678,0.0,2260.0
Ideal_012,B1,B1_T0_Zstar,111.12402115878412,105.580340937259,5.543680221525122,4.988732556396431,500.0,1.0,111.12402115878412,500.0,0.0,2.520643924676341,2062.0,96.36536424864181,0.0,2062.0
Ideal_012,B2,B2_T0_Zstar_Plus_Atrue,111.12402115878412,111.08569777501441,0.038323383769707675,0.03448703832895656,500.0,1.0,111.12402115878412,611.1240211587841,111.1240211587841,2.520643924676341,2062.0,101.39021747680401,0.0,2062.0
Ideal_012,B3,B3_Early_Zstar_Then_Drift,111.12402115878412,109.90293409973235,1.2210870590517686,1.0988506772149365,500.0,1.0,111.12402115878412,558.2053915481669,58.20539154816686,2.520643924676341,2062.0,100.31068456966604,0.0,2062.0
Ideal_013,A,A_Pre_Positioned_Zstar,107.363453513712,107.2946866785692,0.06876683514279591,0.06405050591448543,500.0,1.0,107.363453513712,607.2947976070444,107.29479760704442,2.3243010285116474,2237.0,107.2946866785692,0.0,2237.0
Ideal_013,B1,B1_T0_Zstar,107.363453513712,102.27515966828464,5.0882938454273585,4.739316479585396,500.0,1.0,107.363453513712,500.0,0.0,2.5443010285116476,2043.0,93.43165613828572,0.0,2043.0
Ideal_013,B2,B2_T0_Zstar_Plus_Atrue,107.363453513712,107.27900659302888,0.08444692068312065,0.07865518285729832,500.0,1.0,107.363453513712,607.363453513712,107.36345351371199,2.5443010285116476,2043.0,98.00283164911015,0.0,2043.0
Ideal_013,B3,B3_Early_Zstar_Then_Drift,107.363453513712,106.20339984773545,1.1600536659765481,1.0804921302465285,500.0,1.0,107.363453513712,556.1837053035616,56.183705303561624,2.5443010285116476,2043.0,97.02023020519924,0.0,2043.0
Ideal_014,A,A_Pre_Positioned_Zstar,102.68406121591566,102.56091441690458,0.1231467990110815,0.11992786178581158,500.0,1.0,102.68406121591566,602.5613096617936,102.56130966179364,1.9176717486404053,2710.0,102.56091441690458,0.6361357959640372,2710.636135795964
Ideal_014,B1,B1_T0_Zstar,102.68406121591566,98.20344414132362,4.480617074592047,4.3634981140554725,500.0,1.0,102.68406121591566,500.0,0.0,2.1376717486404053,2431.0,88.0967672276056,0.6711380325473328,2431.6711380325473
Ideal_014,B2,B2_T0_Zstar_Plus_Atrue,102.68406121591566,102.54178449985044,0.14227671606522563,0.1385577414649171,500.0,1.0,102.68406121591566,602.6840612159157,102.68406121591568,2.1376717486404053,2431.0,91.98862421959922,0.6711380325473328,2431.6711380325473
Ideal_014,B3,B3_Early_Zstar_Then_Drift,102.68406121591566,101.60054028684425,1.0835209290714118,1.055198748706552,500.0,1.0,102.68406121591566,552.8790941223456,52.87909412234558,2.1376717486404053,2431.0,91.1442488205225,0.6711380325473328,2431.6711380325473
Ideal_015,A,A_Pre_Positioned_Zstar,99.19861888891212,98.92530132495827,0.273317563953853,0.2755255738589753,500.0,1.0,99.19861888891212,598.925980831476,98.92598083147595,1.8410370784125276,2823.0,98.92530132495827,0.7877049169442216,2823.787704916944
Ideal_015,B1,B1_T0_Zstar,99.19861888891212,94.99256955766852,4.206049331243605,4.240028115667379,500.0,1.0,99.19861888891212,500.0,0.0,2.061037078412528,2522.0,84.85283673986612,0.2738431032580593,2522.273843103258
Ideal_015,B2,B2_T0_Zstar_Plus_Atrue,99.19861888891212,98.90695578925876,0.2916630996533627,0.2940193149059691,500.0,1.0,99.19861888891212,599.1986188889122,99.19861888891216,2.061037078412528,2522.0,88.34939207458906,0.2738431032580593,2522.273843103258
Ideal_015,B3,B3_Early_Zstar_Then_Drift,99.19861888891212,98.05860831624487,1.1400105726672507,1.1492202063255488,500.0,1.0,99.19861888891212,550.924753558496,50.924753558496036,2.061037078412528,2522.0,87.59159922866942,0.2738431032580593,2522.273843103258
Ideal_016,A,A_Pre_Positioned_Zstar,81.21374364725482,81.16004338603754,0.05370026121727278,0.06612213500527131,500.0,1.0,81.21374364725482,581.1601232739966,81.16012327399665,2.0807469145372277,2499.0,81.16004338603754,0.0,2499.0
Ideal_016,B1,B1_T0_Zstar,81.21374364725482,78.91125399251173,2.302489654743084,2.835098533006627,500.0,1.0,81.21374364725482,500.0,0.0,2.300746914537228,2260.0,71.36567139554691,0.0,2260.0
Ideal_016,B2,B2_T0_Zstar_Plus_Atrue,81.21374364725482,81.15184763813694,0.06189600911787352,0.07621371252963503,500.0,1.0,81.21374364725482,581.2137436472548,81.21374364725477,2.300746914537228,2260.0,73.39201696420069,0.0,2260.0
Ideal_016,B3,B3_Early_Zstar_Then_Drift,81.21374364725482,80.68130555323282,0.5324380940219982,0.6556009735674777,500.0,1.0,81.21374364725482,542.2771414460747,42.277141446074666,2.300746914537228,2260.0,72.96646864111575,0.0,2260.0
Ideal_017,A,A_Pre_Positioned_Zstar,106.08453955690412,105.96367332439706,0.12086623250705486,0.1139338804805028,500.0,1.0,106.08453955690412,605.9637459159972,105.96374591599715,1.9025741959015208,2732.0,105.96367332439706,0.8380654069565026,2732.8380654069565
Ideal_017,B1,B1_T0_Zstar,106.08453955690412,101.19096423725503,4.893575319649088,4.612901502979288,500.0,1.0,106.08453955690412,500.0,0.0,2.122574195901521,2449.0,90.70275036224334,0.45062306426279974,2449.450623064263
Ideal_017,B2,B2_T0_Zstar_Plus_Atrue,106.08453955690412,105.9423800728713,0.14215948403281686,0.13400584536313326,500.0,1.0,106.08453955690412,606.0845395569041,106.08453955690413,2.122574195901521,2449.0,94.9616927258585,0.45062306426279974,2449.450623064263
Ideal_017,B3,B3_Early_Zstar_Then_Drift,106.08453955690412,104.90566657117117,1.1788729857329514,1.111258050095603,500.0,1.0,106.08453955690412,554.5425295484888,54.5425295484888,2.122574195901521,2449.0,94.0324322266562,0.45062306426279974,2449.450623064263
Ideal_018,A,A_Pre_Positioned_Zstar,93.46770280059141,93.43031528020451,0.03738752038690052,0.04000046996625657,500.0,1.0,93.46770280059141,593.4304525486671,93.43045254866706,1.7196442880139886,2599.0,93.43031528020451,0.0,2599.0
Ideal_018,B1,B1_T0_Zstar,93.46770280059141,90.14235112719096,3.325351673400448,3.5577547899031137,500.0,1.0,93.46770280059141,500.0,0.0,1.9396442880139886,2599.0,79.91814797276238,0.0,2599.0
Ideal_018,B2,B2_T0_Zstar_Plus_Atrue,93.46770280059141,93.43055528601316,0.03714751457825116,0.03974369056389831,500.0,1.0,93.46770280059141,593.4677028005914,93.46770280059138,1.9396442880139886,2599.0,82.83339461591474,0.0,2599.0
Ideal_018,B3,B3_Early_Zstar_Then_Drift,93.46770280059141,92.71607532073298,0.7516274798584277,0.804157433356404,500.0,1.0,93.46770280059141,547.6006312312851,47.60063123128509,1.9396442880139886,2599.0,82.19995301077769,0.0,2599.0
Ideal_019,A,A_Pre_Positioned_Zstar,87.48414752620843,87.46220299779162,0.02194452841681027,0.025084005545388834,500.0,1.0,87.48414752620843,587.4622264495648,87.46222644956481,2.0349630617837335,2555.0,87.46220299779162,0.0,2555.0
Ideal_019,B1,B1_T0_Zstar,87.48414752620843,84.68267389172357,2.8014736344848643,3.202264311537814,500.0,1.0,87.48414752620843,500.0,0.0,2.2549630617837337,2306.0,76.42081427552115,0.0,2306.0
Ideal_019,B2,B2_T0_Zstar_Plus_Atrue,87.48414752620843,87.45150571163296,0.03264181457547011,0.03731169074453323,500.0,1.0,87.48414752620843,587.4841475262084,87.4841475262084,2.2549630617837337,2306.0,78.91951173682237,0.0,2306.0
Ideal_019,B3,B3_Early_Zstar_Then_Drift,87.48414752620843,86.86719773700882,0.6169497891996087,0.7052132376494649,500.0,1.0,87.48414752620843,545.4793804697714,45.4793804697714,2.2549630617837337,2306.0,78.39221035206035,0.0,2306.0
